É_ÉEÉìÉçÅ[ÉhÇµÇΩéûçèÅF2015/06/15 03:08:08

,ëOã¥,ëOã¥,ëOã¥,ëOã¥,ëOã¥,ëOã¥,ëOã¥,ëOã¥,ëOã¥,ëOã¥,ëOã¥,ëOã¥,ëOã¥,ëOã¥,ëOã¥,ëOã¥,ëOã¥,ëOã¥,ëOã¥,ëOã¥,ëOã¥,ëOã¥,ëOã¥,ëOã¥,ëOã¥
îNåéì˙éû,ãCâ∑(Åé),ãCâ∑(Åé),ãCâ∑(Åé),ç~êÖó (mm),ç~êÖó (mm),ç~êÖó (mm),ç~êÖó (mm),ì˙è∆éûä‘(éûä‘),ì˙è∆éûä‘(éûä‘),ì˙è∆éûä‘(éûä‘),ì˙è∆éûä‘(éûä‘),ïóë¨(m/s),ïóë¨(m/s),ïóë¨(m/s),ïóë¨(m/s),ïóë¨(m/s),ì˙éÀó (MJ/áu),ì˙éÀó (MJ/áu),ì˙éÀó (MJ/áu),ëäëŒéºìx(Åì),ëäëŒéºìx(Åì),ëäëŒéºìx(Åì),èˆãCà≥(hPa),èˆãCà≥(hPa),èˆãCà≥(hPa)
,,,,,,,,,,,,,,ïóå¸,ïóå¸,,,,,,,,,,
,,ïiéøèÓïÒ,ãœéøî‘çÜ,,åªè€Ç»ÇµèÓïÒ,ïiéøèÓïÒ,ãœéøî‘çÜ,,åªè€Ç»ÇµèÓïÒ,ïiéøèÓïÒ,ãœéøî‘çÜ,,ïiéøèÓïÒ,,ïiéøèÓïÒ,ãœéøî‘çÜ,,ïiéøèÓïÒ,ãœéøî‘çÜ,,ïiéøèÓïÒ,ãœéøî‘çÜ,,ïiéøèÓïÒ,ãœéøî‘çÜ
2008/6/2 1:00:00,16.8,8,1,0,1,8,1,,,0,1,1.4,8,ñkñkêº,8,1,,0,1,76,8,1,14.5,8,1
2008/6/2 2:00:00,16.3,8,1,0,1,8,1,,,0,1,1.2,8,ñkêº,8,1,,0,1,76,8,1,14.1,8,1
2008/6/2 3:00:00,16.0,8,1,0,1,8,1,,,0,1,1.4,8,ñkñkêº,8,1,,0,1,74,8,1,13.5,8,1
2008/6/2 4:00:00,15.7,8,1,0,1,8,1,,,0,1,1.1,8,ñkñkêº,8,1,0.00,8,1,75,8,1,13.4,8,1
2008/6/2 5:00:00,15.5,8,1,0,1,8,1,0,1,8,1,1.5,8,ñkñkêº,8,1,0.01,8,1,74,8,1,13.0,8,1
2008/6/2 6:00:00,16.0,8,1,0,1,8,1,0,1,8,1,0.9,8,ñkñkêº,8,1,0.13,8,1,73,8,1,13.3,8,1
2008/6/2 7:00:00,16.9,8,1,0,1,8,1,0,1,8,1,0.8,8,ñkñkêº,8,1,0.37,8,1,71,8,1,13.7,8,1
2008/6/2 8:00:00,18.5,8,1,0,1,8,1,0.2,0,8,1,1.6,8,ìåìÏìå,8,1,1.07,8,1,70,8,1,14.9,8,1
2008/6/2 9:00:00,19.9,8,1,0,1,8,1,0.9,0,8,1,1.8,8,ìå,8,1,2.18,8,1,65,8,1,15.1,8,1
2008/6/2 10:00:00,20.1,8,1,0,1,8,1,0.1,0,8,1,2.2,8,ìÏìå,8,1,1.33,8,1,65,8,1,15.3,8,1
2008/6/2 11:00:00,20.2,8,1,0,1,8,1,0,1,8,1,2.7,8,ìåìÏìå,8,1,0.79,8,1,66,8,1,15.7,8,1
2008/6/2 12:00:00,20.7,8,1,0,1,8,1,0,1,8,1,2.5,8,ìÏìÏìå,8,1,1.01,8,1,63,8,1,15.4,8,1
2008/6/2 13:00:00,20.6,8,1,0,1,8,1,0,1,8,1,2.9,8,ìÏìå,8,1,0.73,8,1,66,8,1,16.0,8,1
2008/6/2 14:00:00,20.8,8,1,0,1,8,1,0,1,8,1,3.7,8,ìåìÏìå,8,1,0.91,8,1,63,8,1,15.5,8,1
2008/6/2 15:00:00,21.0,8,1,0,1,8,1,0,1,8,1,3.8,8,ìÏìå,8,1,0.89,8,1,62,8,1,15.4,8,1
2008/6/2 16:00:00,20.9,8,1,0,1,8,1,0,1,8,1,3.3,8,ìåìÏìå,8,1,0.55,8,1,62,8,1,15.4,8,1
2008/6/2 17:00:00,20.7,8,1,0,1,8,1,0,1,8,1,5.0,8,ìåìÏìå,8,1,0.45,8,1,61,8,1,14.9,8,1
2008/6/2 18:00:00,20.2,8,1,0,1,8,1,0,1,8,1,3.9,8,ìåìÏìå,8,1,0.25,8,1,64,8,1,15.2,8,1
2008/6/2 19:00:00,19.5,8,1,0,1,8,1,0,1,8,1,3.8,8,ìåìÏìå,8,1,0.06,8,1,67,8,1,15.2,8,1
2008/6/2 20:00:00,19.0,8,1,0,1,8,1,,,0,1,3.3,8,ìå,8,1,0.00,8,1,62,8,1,13.7,8,1
2008/6/2 21:00:00,18.6,8,1,0,1,8,1,,,0,1,3.9,8,ìåìÏìå,8,1,,0,1,63,8,1,13.5,8,1
2008/6/2 22:00:00,18.1,8,1,0,1,8,1,,,0,1,2.9,8,ìåìÏìå,8,1,,0,1,67,8,1,13.9,8,1
2008/6/2 23:00:00,17.3,8,1,0,1,8,1,,,0,1,2.9,8,ìå,8,1,,0,1,71,8,1,14.0,8,1
2008/6/3 00:00:00,17.0,8,1,0,1,8,1,,,0,1,3.4,8,ìåìÏìå,8,1,,0,1,66,8,1,12.8,8,1
2008/6/3 1:00:00,16.8,8,1,0,1,8,1,,,0,1,2.5,8,ìåìÏìå,8,1,,0,1,69,8,1,13.2,8,1
2008/6/3 2:00:00,16.0,8,1,0.0,0,8,1,,,0,1,2.3,8,ìÏìå,8,1,,0,1,77,8,1,14.0,8,1
2008/6/3 3:00:00,15.3,8,1,0.5,0,8,1,,,0,1,1.8,8,ìÏìå,8,1,,0,1,83,8,1,14.4,8,1
2008/6/3 4:00:00,14.8,8,1,2.5,0,8,1,,,0,1,1.8,8,ìåìÏìå,8,1,0.00,8,1,87,8,1,14.7,8,1
2008/6/3 5:00:00,14.7,8,1,4.0,0,8,1,0,1,8,1,1.4,8,ìåìÏìå,8,1,0.00,8,1,88,8,1,14.7,8,1
2008/6/3 6:00:00,14.4,8,1,6.0,0,8,1,0,1,8,1,0.2,8,ê√â∏,8,1,0.01,8,1,89,8,1,14.6,8,1
2008/6/3 7:00:00,14.3,8,1,7.0,0,8,1,0,1,8,1,0.2,8,ê√â∏,8,1,0.02,8,1,90,8,1,14.7,8,1
2008/6/3 8:00:00,14.5,8,1,5.0,0,8,1,0,1,8,1,1.4,8,êº,8,1,0.09,8,1,89,8,1,14.7,8,1
2008/6/3 9:00:00,14.8,8,1,2.5,0,8,1,0,1,8,1,0.7,8,ìÏêº,8,1,0.13,8,1,88,8,1,14.8,8,1
2008/6/3 10:00:00,14.9,8,1,5.0,0,8,1,0,1,8,1,1.9,8,ìÏêº,8,1,0.20,8,1,89,8,1,15.1,8,1
2008/6/3 11:00:00,15.1,8,1,3.0,0,8,1,0,1,8,1,2.2,8,ìÏêº,8,1,0.23,8,1,89,8,1,15.3,8,1
2008/6/3 12:00:00,15.3,8,1,5.0,0,8,1,0,1,8,1,2.4,8,ìÏìÏêº,8,1,0.31,8,1,89,8,1,15.5,8,1
2008/6/3 13:00:00,14.9,8,1,3.0,0,8,1,0,1,8,1,3.6,8,ìÏìÏìå,8,1,0.47,8,1,86,8,1,14.6,8,1
2008/6/3 14:00:00,14.7,8,1,1.0,0,8,1,0,1,8,1,1.8,8,ìÏìÏêº,8,1,0.41,8,1,87,8,1,14.6,8,1
2008/6/3 15:00:00,14.6,8,1,2.0,0,8,1,0,1,8,1,2.0,8,ìÏêº,8,1,0.29,8,1,88,8,1,14.6,8,1
2008/6/3 16:00:00,14.6,8,1,0.0,0,8,1,0,1,8,1,2.0,8,ìÏêº,8,1,0.25,8,1,87,8,1,14.5,8,1
2008/6/3 17:00:00,14.5,8,1,0.0,0,8,1,0,1,8,1,2.3,8,ìÏêº,8,1,0.18,8,1,88,8,1,14.5,8,1
2008/6/3 18:00:00,14.6,8,1,0.5,0,8,1,0,1,8,1,2.4,8,êºìÏêº,8,1,0.13,8,1,87,8,1,14.5,8,1
2008/6/3 19:00:00,14.4,8,1,0.0,0,8,1,0,1,8,1,2.3,8,êºìÏêº,8,1,0.03,8,1,86,8,1,14.1,8,1
2008/6/3 20:00:00,14.7,8,1,0.0,0,8,1,,,0,1,2.4,8,êºñkêº,8,1,0.00,8,1,84,8,1,14.0,8,1
2008/6/3 21:00:00,14.5,8,1,0.0,0,8,1,,,0,1,1.5,8,êºñkêº,8,1,,0,1,86,8,1,14.2,8,1
2008/6/3 22:00:00,14.2,8,1,0.0,0,8,1,,,0,1,0.2,8,ê√â∏,8,1,,0,1,88,8,1,14.2,8,1
2008/6/3 23:00:00,14.3,8,1,0.0,0,8,1,,,0,1,0.7,8,ñkêº,8,1,,0,1,88,8,1,14.3,8,1
2008/6/4 00:00:00,14.4,8,1,0.0,0,8,1,,,0,1,0.6,8,ñkêº,8,1,,0,1,89,8,1,14.6,8,1
2008/6/4 1:00:00,14.4,8,1,0.0,0,8,1,,,0,1,1.0,8,ñkêº,8,1,,0,1,89,8,1,14.6,8,1
2008/6/4 2:00:00,14.3,8,1,0.5,0,8,1,,,0,1,1.0,8,êº,8,1,,0,1,90,8,1,14.7,8,1
2008/6/4 3:00:00,14.2,8,1,0.5,0,8,1,,,0,1,1.1,8,êºìÏêº,8,1,,0,1,91,8,1,14.8,8,1
2008/6/4 4:00:00,14.1,8,1,1.0,0,8,1,,,0,1,0.8,8,êº,8,1,0.00,8,1,91,8,1,14.7,8,1
2008/6/4 5:00:00,14.1,8,1,0.5,0,8,1,0,1,8,1,0.5,8,ñkêº,8,1,0.01,8,1,91,8,1,14.7,8,1
2008/6/4 6:00:00,14.4,8,1,0.5,0,8,1,0,1,8,1,0.9,8,ìÏêº,8,1,0.05,8,1,91,8,1,14.9,8,1
2008/6/4 7:00:00,14.4,8,1,0.5,0,8,1,0,1,8,1,0.3,8,ìÏêº,8,1,0.09,8,1,91,8,1,14.9,8,1
2008/6/4 8:00:00,14.7,8,1,0.0,0,8,1,0,1,8,1,0.2,8,ê√â∏,8,1,0.29,8,1,89,8,1,14.9,8,1
2008/6/4 9:00:00,16.0,8,1,0.0,0,8,1,0,1,8,1,1.5,8,êº,8,1,0.56,8,1,88,8,1,16.0,8,1
2008/6/4 10:00:00,17.1,8,1,0,1,8,1,0,1,8,1,1.1,8,ìÏìÏêº,8,1,0.90,8,1,81,8,1,15.8,8,1
2008/6/4 11:00:00,18.2,8,1,0,1,8,1,0,1,8,1,1.0,8,ìåìÏìå,8,1,1.40,8,1,74,8,1,15.5,8,1
2008/6/4 12:00:00,18.9,8,1,0,1,8,1,0,1,8,1,1.6,8,ìå,8,1,1.37,8,1,70,8,1,15.3,8,1
2008/6/4 13:00:00,19.8,8,1,0,1,8,1,0,1,8,1,0.4,8,ñkñkìå,8,1,1.77,8,1,66,8,1,15.3,8,1
2008/6/4 14:00:00,20.7,8,1,0,1,8,1,0,1,8,1,2.3,8,ìåìÏìå,8,1,1.38,8,1,64,8,1,15.7,8,1
2008/6/4 15:00:00,22.2,8,1,0,1,8,1,0.2,0,8,1,2.4,8,ìÏìå,8,1,1.80,8,1,59,8,1,15.8,8,1
2008/6/4 16:00:00,21.1,8,1,0,1,8,1,0.2,0,8,1,1.9,8,ìÏ,8,1,1.30,8,1,59,8,1,14.8,8,1
2008/6/4 17:00:00,20.7,8,1,0,1,8,1,0,1,8,1,2.2,8,ìÏìå,8,1,0.20,8,1,62,8,1,15.2,8,1
2008/6/4 18:00:00,20.5,8,1,0,1,8,1,0,1,8,1,2.5,8,ìÏìå,8,1,0.24,8,1,63,8,1,15.2,8,1
2008/6/4 19:00:00,19.9,8,1,0,1,8,1,0,1,8,1,1.4,8,ìÏìÏêº,8,1,0.00,8,1,69,8,1,16.1,8,1
2008/6/4 20:00:00,18.4,8,1,0.0,0,8,1,,,0,1,3.3,8,ìåìÏìå,8,1,0.00,8,1,76,8,1,16.1,8,1
2008/6/4 21:00:00,17.4,8,1,0,1,8,1,,,0,1,2.9,8,ìåìÏìå,8,1,,0,1,76,8,1,15.1,8,1
2008/6/4 22:00:00,17.4,8,1,0,1,8,1,,,0,1,1.8,8,ìåìÏìå,8,1,,0,1,68,8,1,13.5,8,1
2008/6/4 23:00:00,16.8,8,1,0,1,8,1,,,0,1,2.3,8,ìÏìå,8,1,,0,1,66,8,1,12.6,8,1
2008/6/5 00:00:00,16.3,8,1,0,1,8,1,,,0,1,2.8,8,ìåìÏìå,8,1,,0,1,70,8,1,12.9,8,1
2008/6/5 1:00:00,16.0,8,1,0,1,8,1,,,0,1,0.9,8,ìå,8,1,,0,1,73,8,1,13.3,8,1
2008/6/5 2:00:00,15.9,8,1,0,1,8,1,,,0,1,0.6,8,ìÏìÏêº,8,1,,0,1,73,8,1,13.2,8,1
2008/6/5 3:00:00,15.8,8,1,0,1,8,1,,,0,1,0.4,8,ñkêº,8,1,,0,1,74,8,1,13.3,8,1
2008/6/5 4:00:00,15.6,8,1,0,1,8,1,,,0,1,0.8,8,ñkêº,8,1,0.00,8,1,77,8,1,13.7,8,1
2008/6/5 5:00:00,15.3,8,1,0,1,8,1,0,1,8,1,0.7,8,ñkêº,8,1,0.01,8,1,79,8,1,13.7,8,1
2008/6/5 6:00:00,15.7,8,1,0,1,8,1,0,1,8,1,0.4,8,ñkñkìå,8,1,0.14,8,1,77,8,1,13.7,8,1
2008/6/5 7:00:00,16.3,8,1,0,1,8,1,0,1,8,1,1.5,8,ìå,8,1,0.31,8,1,76,8,1,14.1,8,1
2008/6/5 8:00:00,16.5,8,1,0,1,8,1,0,1,8,1,0.4,8,ìÏêº,8,1,0.38,8,1,73,8,1,13.7,8,1
2008/6/5 9:00:00,17.1,8,1,0,1,8,1,0,1,8,1,0.7,8,ñkñkìå,8,1,0.61,8,1,72,8,1,14.0,8,1
2008/6/5 10:00:00,17.2,8,1,0.0,0,8,1,0,1,8,1,0.2,8,ê√â∏,8,1,0.39,8,1,71,8,1,13.9,8,1
2008/6/5 11:00:00,17.4,8,1,0,1,8,1,0,1,8,1,1.1,8,ñkñkêº,8,1,0.46,8,1,70,8,1,13.9,8,1
2008/6/5 12:00:00,17.0,8,1,0.0,0,8,1,0,1,8,1,1.2,8,ìÏìå,8,1,0.61,8,1,76,8,1,14.7,8,1
2008/6/5 13:00:00,16.5,8,1,0.0,0,8,1,0,1,8,1,0.7,8,ìÏìå,8,1,0.61,8,1,84,8,1,15.8,8,1
2008/6/5 14:00:00,16.3,8,1,0.5,0,8,1,0,1,8,1,1.1,8,ìÏêº,8,1,0.29,8,1,88,8,1,16.3,8,1
2008/6/5 15:00:00,16.4,8,1,0.0,0,8,1,0,1,8,1,0.3,8,ñkêº,8,1,0.17,8,1,89,8,1,16.6,8,1
2008/6/5 16:00:00,17.0,8,1,0,1,8,1,0,1,8,1,0.7,8,êº,8,1,0.27,8,1,86,8,1,16.6,8,1
2008/6/5 17:00:00,17.1,8,1,0.0,0,8,1,0,1,8,1,0.1,8,ê√â∏,8,1,0.05,8,1,86,8,1,16.7,8,1
2008/6/5 18:00:00,16.9,8,1,1.0,0,8,1,0,1,8,1,0.6,8,êº,8,1,0.01,8,1,89,8,1,17.2,8,1
2008/6/5 19:00:00,16.9,8,1,0.5,0,8,1,0,1,8,1,0.8,8,ñkñkêº,8,1,0.00,8,1,89,8,1,17.2,8,1
2008/6/5 20:00:00,17.0,8,1,0.0,0,8,1,,,0,1,0.9,8,ìÏìÏìå,8,1,0.00,8,1,90,8,1,17.5,8,1
2008/6/5 21:00:00,17.0,8,1,0.0,0,8,1,,,0,1,1.5,8,ìÏìå,8,1,,0,1,90,8,1,17.5,8,1
2008/6/5 22:00:00,16.8,8,1,0.5,0,8,1,,,0,1,1.5,8,ìÏìÏêº,8,1,,0,1,90,8,1,17.3,8,1
2008/6/5 23:00:00,16.7,8,1,1.0,0,8,1,,,0,1,1.5,8,ìÏìå,8,1,,0,1,91,8,1,17.3,8,1
2008/6/6 00:00:00,17.5,8,1,0,1,8,1,,,0,1,3.0,8,ìå,8,1,,0,1,90,8,1,17.9,8,1
2008/6/6 1:00:00,17.5,8,1,0,1,8,1,,,0,1,2.7,8,ìåìÏìå,8,1,,0,1,89,8,1,17.8,8,1
2008/6/6 2:00:00,17.4,8,1,0.0,0,8,1,,,0,1,2.7,8,ìåìÏìå,8,1,,0,1,90,8,1,17.8,8,1
2008/6/6 3:00:00,17.3,8,1,0.5,0,8,1,,,0,1,0.9,8,ìÏìÏìå,8,1,,0,1,90,8,1,17.7,8,1
2008/6/6 4:00:00,17.1,8,1,1.5,0,8,1,,,0,1,0.9,8,ìÏêº,8,1,0.00,8,1,91,8,1,17.7,8,1
2008/6/6 5:00:00,17.1,8,1,1.0,0,8,1,0,1,8,1,0.2,8,ê√â∏,8,1,0.00,8,1,91,8,1,17.7,8,1
2008/6/6 6:00:00,17.3,8,1,0.0,0,8,1,0,1,8,1,0.9,8,êº,8,1,0.07,8,1,91,8,1,17.9,8,1
2008/6/6 7:00:00,17.8,8,1,0.0,0,8,1,0,1,8,1,1.1,8,ñkêº,8,1,0.18,8,1,91,8,1,18.5,8,1
2008/6/6 8:00:00,19.3,8,1,0,1,8,1,0.1,0,8,1,0.5,8,êº,8,1,0.81,8,1,86,8,1,19.2,8,1
2008/6/6 9:00:00,22.3,8,1,0,1,8,1,1.0,0,8,1,1.3,8,êº,8,1,2.46,8,1,73,8,1,19.6,8,1
2008/6/6 10:00:00,23.4,8,1,0,1,8,1,1.0,0,8,1,1.8,8,ìÏ,8,1,2.92,8,1,67,8,1,19.2,8,1
2008/6/6 11:00:00,24.3,8,1,0,1,8,1,0.6,0,8,1,1.7,8,ìÏìÏìå,8,1,2.45,8,1,59,8,1,17.9,8,1
2008/6/6 12:00:00,27.0,8,1,0,1,8,1,0.9,0,8,1,2.3,8,ìÏ,8,1,3.29,8,1,54,8,1,19.2,8,1
2008/6/6 13:00:00,26.1,8,1,0,1,8,1,0.4,0,8,1,2.9,8,ìÏìå,8,1,2.02,8,1,58,8,1,19.6,8,1
2008/6/6 14:00:00,26.5,8,1,0,1,8,1,0.6,0,8,1,1.8,8,ìåìÏìå,8,1,2.26,8,1,53,8,1,18.4,8,1
2008/6/6 15:00:00,26.6,8,1,0,1,8,1,0.6,0,8,1,2.7,8,ñk,8,1,1.97,8,1,45,8,1,15.7,8,1
2008/6/6 16:00:00,25.8,8,1,0,1,8,1,0.2,0,8,1,3.5,8,ñk,8,1,1.13,8,1,44,8,1,14.6,8,1
2008/6/6 17:00:00,24.8,8,1,0,1,8,1,0.5,0,8,1,4.1,8,ñkñkêº,8,1,0.99,8,1,47,8,1,14.7,8,1
2008/6/6 18:00:00,23.3,8,1,0,1,8,1,0.4,0,8,1,2.2,8,ñk,8,1,0.58,8,1,51,8,1,14.6,8,1
2008/6/6 19:00:00,22.0,8,1,0,1,8,1,0,1,8,1,3.7,8,ñkñkêº,8,1,0.05,8,1,54,8,1,14.3,8,1
2008/6/6 20:00:00,21.3,8,1,0,1,8,1,,,0,1,3.2,8,ñkñkêº,8,1,0.00,8,1,56,8,1,14.2,8,1
2008/6/6 21:00:00,20.9,8,1,0,1,8,1,,,0,1,2.3,8,ñkñkêº,8,1,,0,1,58,8,1,14.3,8,1
2008/6/6 22:00:00,20.2,8,1,0,1,8,1,,,0,1,1.9,8,ñkñkêº,8,1,,0,1,60,8,1,14.2,8,1
2008/6/6 23:00:00,19.5,8,1,0,1,8,1,,,0,1,2.1,8,ñkñkêº,8,1,,0,1,64,8,1,14.5,8,1
2008/6/7 00:00:00,18.5,8,1,0,1,8,1,,,0,1,2.3,8,ñkñkêº,8,1,,0,1,68,8,1,14.5,8,1
2008/6/7 1:00:00,18.4,8,1,0,1,8,1,,,0,1,3.1,8,ñkñkêº,8,1,,0,1,66,8,1,13.9,8,1
2008/6/7 2:00:00,17.9,8,1,0,1,8,1,,,0,1,3.8,8,ñkêº,8,1,,0,1,67,8,1,13.7,8,1
2008/6/7 3:00:00,16.8,8,1,0,1,8,1,,,0,1,2.7,8,ñkêº,8,1,,0,1,72,8,1,13.7,8,1
2008/6/7 4:00:00,16.1,8,1,0,1,8,1,,,0,1,3.5,8,êºñkêº,8,1,0.00,8,1,74,8,1,13.6,8,1
2008/6/7 5:00:00,16.3,8,1,0,1,8,1,0,1,8,1,3.2,8,ñkêº,8,1,0.02,8,1,72,8,1,13.3,8,1
2008/6/7 6:00:00,17.1,8,1,0,1,8,1,0.1,0,8,1,2.3,8,ñkêº,8,1,0.26,8,1,70,8,1,13.7,8,1
2008/6/7 7:00:00,18.8,8,1,0,1,8,1,0.2,0,8,1,1.9,8,ñkñkêº,8,1,0.65,8,1,62,8,1,13.5,8,1
2008/6/7 8:00:00,19.7,8,1,0,1,8,1,0,1,8,1,2.4,8,ñkêº,8,1,0.97,8,1,61,8,1,14.0,8,1
2008/6/7 9:00:00,22.2,8,1,0,1,8,1,0.2,0,8,1,1.5,8,ìå,8,1,1.53,8,1,61,8,1,16.3,8,1
2008/6/7 10:00:00,23.9,8,1,0,1,8,1,0.5,0,8,1,2.8,8,ìåìÏìå,8,1,2.26,8,1,58,8,1,17.2,8,1
2008/6/7 11:00:00,25.3,8,1,0,1,8,1,0.7,0,8,1,3.1,8,ìÏìÏìå,8,1,2.60,8,1,53,8,1,17.0,8,1
2008/6/7 12:00:00,25.3,8,1,0,1,8,1,0.7,0,8,1,3.1,8,ìÏìå,8,1,2.56,8,1,49,8,1,15.8,8,1
2008/6/7 13:00:00,25.7,8,1,0,1,8,1,0.8,0,8,1,3.0,8,ìÏìå,8,1,2.67,8,1,50,8,1,16.5,8,1
2008/6/7 14:00:00,25.9,8,1,0,1,8,1,0.6,0,8,1,3.6,8,ìåìÏìå,8,1,1.91,8,1,49,8,1,16.4,8,1
2008/6/7 15:00:00,26.1,8,1,0,1,8,1,0.3,0,8,1,3.9,8,ìåìÏìå,8,1,1.55,8,1,49,8,1,16.6,8,1
2008/6/7 16:00:00,25.9,8,1,0,1,8,1,0,1,8,1,4.1,8,ìåìÏìå,8,1,1.07,8,1,48,8,1,16.1,8,1
2008/6/7 17:00:00,25.4,8,1,0,1,8,1,0,1,8,1,4.0,8,ìåìÏìå,8,1,0.71,8,1,52,8,1,16.8,8,1
2008/6/7 18:00:00,24.7,8,1,0,1,8,1,0,1,8,1,4.2,8,ìåìÏìå,8,1,0.38,8,1,56,8,1,17.4,8,1
2008/6/7 19:00:00,23.3,8,1,0,1,8,1,0,1,8,1,3.2,8,ìåìÏìå,8,1,0.08,8,1,61,8,1,17.5,8,1
2008/6/7 20:00:00,22.5,8,1,0,1,8,1,,,0,1,1.7,8,ìå,8,1,0.00,8,1,64,8,1,17.5,8,1
2008/6/7 21:00:00,21.8,8,1,0,1,8,1,,,0,1,1.1,8,ìÏìå,8,1,,0,1,66,8,1,17.3,8,1
2008/6/7 22:00:00,21.7,8,1,0.0,0,8,1,,,0,1,1.0,8,ìåìÏìå,8,1,,0,1,67,8,1,17.4,8,1
2008/6/7 23:00:00,20.7,8,1,0.0,0,8,1,,,0,1,1.7,8,êºñkêº,8,1,,0,1,70,8,1,17.0,8,1
2008/6/8 00:00:00,20.6,8,1,0.0,0,8,1,,,0,1,0.9,8,ìÏêº,8,1,,0,1,71,8,1,17.3,8,1
2008/6/8 1:00:00,20.3,8,1,0.0,0,8,1,,,0,1,0.8,8,ìÏìÏêº,8,1,,0,1,71,8,1,16.9,8,1
2008/6/8 2:00:00,19.7,8,1,0,1,8,1,,,0,1,1.9,8,ìÏìÏêº,8,1,,0,1,71,8,1,16.3,8,1
2008/6/8 3:00:00,19.3,8,1,0,1,8,1,,,0,1,1.0,8,ìÏìÏêº,8,1,,0,1,72,8,1,16.1,8,1
2008/6/8 4:00:00,19.3,8,1,0,1,8,1,,,0,1,0.5,8,ìÏìÏêº,8,1,0.00,8,1,72,8,1,16.1,8,1
2008/6/8 5:00:00,19.2,8,1,0.0,0,8,1,0,1,8,1,0.9,8,ìÏêº,8,1,0.00,8,1,73,8,1,16.2,8,1
2008/6/8 6:00:00,19.4,8,1,0,1,8,1,0,1,8,1,0.2,8,ê√â∏,8,1,0.05,8,1,72,8,1,16.2,8,1
2008/6/8 7:00:00,19.4,8,1,0.0,0,8,1,0,1,8,1,0.3,8,êºìÏêº,8,1,0.16,8,1,71,8,1,16.0,8,1
2008/6/8 8:00:00,19.6,8,1,0.0,0,8,1,0,1,8,1,1.1,8,ñkêº,8,1,0.21,8,1,73,8,1,16.6,8,1
2008/6/8 9:00:00,20.1,8,1,0,1,8,1,0,1,8,1,1.5,8,ñkêº,8,1,0.40,8,1,72,8,1,16.9,8,1
2008/6/8 10:00:00,21.0,8,1,0,1,8,1,0,1,8,1,1.8,8,êºñkêº,8,1,0.79,8,1,68,8,1,16.9,8,1
2008/6/8 11:00:00,21.9,8,1,0,1,8,1,0,1,8,1,2.2,8,êº,8,1,1.02,8,1,65,8,1,17.0,8,1
2008/6/8 12:00:00,22.3,8,1,0,1,8,1,0,1,8,1,1.2,8,ìÏ,8,1,1.43,8,1,63,8,1,16.9,8,1
2008/6/8 13:00:00,24.3,8,1,0,1,8,1,0.2,0,8,1,0.9,8,ìÏ,8,1,2.13,8,1,56,8,1,17.0,8,1
2008/6/8 14:00:00,25.2,8,1,0,1,8,1,0.4,0,8,1,2.3,8,ìÏìå,8,1,2.26,8,1,49,8,1,15.7,8,1
2008/6/8 15:00:00,25.1,8,1,0,1,8,1,0.2,0,8,1,2.4,8,ìÏ,8,1,1.73,8,1,50,8,1,16.0,8,1
2008/6/8 16:00:00,25.1,8,1,0,1,8,1,0.1,0,8,1,2.0,8,ìÏ,8,1,1.27,8,1,54,8,1,17.3,8,1
2008/6/8 17:00:00,25.3,8,1,0,1,8,1,0.1,0,8,1,1.8,8,ìÏìå,8,1,0.74,8,1,52,8,1,16.7,8,1
2008/6/8 18:00:00,24.5,8,1,0,1,8,1,0.2,0,8,1,1.5,8,ìÏìå,8,1,0.31,8,1,53,8,1,16.3,8,1
2008/6/8 19:00:00,23.7,8,1,0,1,8,1,0,1,8,1,1.7,8,ìÏìå,8,1,0.05,8,1,59,8,1,17.3,8,1
2008/6/8 20:00:00,23.3,8,1,0,1,8,1,,,0,1,0.7,8,ìÏêº,8,1,0.00,8,1,61,8,1,17.5,8,1
2008/6/8 21:00:00,22.9,8,1,0.0,0,8,1,,,0,1,0.7,8,ìå,8,1,,0,1,64,8,1,17.8,8,1
2008/6/8 22:00:00,21.7,8,1,0,1,8,1,,,0,1,0.7,8,ñk,8,1,,0,1,70,8,1,18.2,8,1
2008/6/8 23:00:00,21.3,8,1,0,1,8,1,,,0,1,1.4,8,ñkñkêº,8,1,,0,1,71,8,1,17.9,8,1
2008/6/9 00:00:00,20.5,8,1,0,1,8,1,,,0,1,1.6,8,ñkêº,8,1,,0,1,73,8,1,17.6,8,1
2008/6/9 1:00:00,20.4,8,1,0,1,8,1,,,0,1,1.1,8,ñkñkêº,8,1,,0,1,73,8,1,17.5,8,1
2008/6/9 2:00:00,19.9,8,1,0,1,8,1,,,0,1,1.7,8,ñkñkêº,8,1,,0,1,74,8,1,17.2,8,1
2008/6/9 3:00:00,19.4,8,1,0,1,8,1,,,0,1,2.3,8,êº,8,1,,0,1,76,8,1,17.2,8,1
2008/6/9 4:00:00,19.0,8,1,0,1,8,1,,,0,1,1.4,8,ñkñkêº,8,1,0.00,8,1,77,8,1,16.9,8,1
2008/6/9 5:00:00,18.9,8,1,0,1,8,1,0,1,8,1,1.6,8,ñkñkêº,8,1,0.00,8,1,77,8,1,16.8,8,1
2008/6/9 6:00:00,19.1,8,1,0,1,8,1,0,1,8,1,1.4,8,ñkñkêº,8,1,0.08,8,1,76,8,1,16.8,8,1
2008/6/9 7:00:00,19.6,8,1,0,1,8,1,0,1,8,1,1.3,8,ñkêº,8,1,0.27,8,1,74,8,1,16.8,8,1
2008/6/9 8:00:00,20.5,8,1,0,1,8,1,0,1,8,1,1.8,8,ñkêº,8,1,0.34,8,1,70,8,1,16.8,8,1
2008/6/9 9:00:00,21.3,8,1,0,1,8,1,0,1,8,1,0.7,8,ìåìÏìå,8,1,0.55,8,1,71,8,1,17.9,8,1
2008/6/9 10:00:00,22.2,8,1,0,1,8,1,0,1,8,1,0.9,8,ìå,8,1,1.28,8,1,64,8,1,17.2,8,1
2008/6/9 11:00:00,24.3,8,1,0,1,8,1,0.6,0,8,1,1.6,8,ìÏìÏêº,8,1,2.50,8,1,59,8,1,17.9,8,1
2008/6/9 12:00:00,24.1,8,1,0,1,8,1,0,1,8,1,2.6,8,ìÏìå,8,1,1.54,8,1,60,8,1,18.1,8,1
2008/6/9 13:00:00,24.3,8,1,0,1,8,1,0.2,0,8,1,2.7,8,ìÏìå,8,1,1.86,8,1,59,8,1,17.9,8,1
2008/6/9 14:00:00,24.7,8,1,0,1,8,1,0.2,0,8,1,3.3,8,ìåìÏìå,8,1,1.89,8,1,59,8,1,18.4,8,1
2008/6/9 15:00:00,24.5,8,1,0,1,8,1,0.1,0,8,1,2.2,8,ìåìÏìå,8,1,1.23,8,1,61,8,1,18.8,8,1
2008/6/9 16:00:00,22.4,8,1,0.5,0,8,1,0,1,8,1,0.3,8,ñk,8,1,0.23,8,1,76,8,1,20.6,8,1
2008/6/9 17:00:00,19.5,8,1,2.0,0,8,1,0,1,8,1,2.0,8,ìåìÏìå,8,1,0.04,8,1,80,8,1,18.2,8,1
2008/6/9 18:00:00,20.0,8,1,0.5,0,8,1,0,1,8,1,1.9,8,êºìÏêº,8,1,0.18,8,1,83,8,1,19.4,8,1
2008/6/9 19:00:00,19.0,8,1,0,1,8,1,0,1,8,1,0.9,8,êºìÏêº,8,1,0.16,8,1,79,8,1,17.4,8,1
2008/6/9 20:00:00,18.9,8,1,0,1,8,1,,,0,1,0.8,8,ñk,8,1,0.00,8,1,83,8,1,18.2,8,1
2008/6/9 21:00:00,18.7,8,1,0,1,8,1,,,0,1,2.3,8,ñkêº,8,1,,0,1,85,8,1,18.3,8,1
2008/6/9 22:00:00,18.4,8,1,0,1,8,1,,,0,1,3.2,8,ñkêº,8,1,,0,1,83,8,1,17.6,8,1
2008/6/9 23:00:00,18.4,8,1,0,1,8,1,,,0,1,4.0,8,ñkêº,8,1,,0,1,79,8,1,16.7,8,1
2008/6/10 00:00:00,17.5,8,1,0,1,8,1,,,0,1,3.9,8,ñkêº,8,1,,0,1,80,8,1,16.0,8,1
2008/6/10 1:00:00,17.5,8,1,0,1,8,1,,,0,1,4.1,8,ñkêº,8,1,,0,1,75,8,1,15.0,8,1
2008/6/10 2:00:00,16.9,8,1,0,1,8,1,,,0,1,4.3,8,ñkêº,8,1,,0,1,75,8,1,14.4,8,1
2008/6/10 3:00:00,16.5,8,1,0,1,8,1,,,0,1,2.9,8,ñkñkêº,8,1,,0,1,71,8,1,13.3,8,1
2008/6/10 4:00:00,15.7,8,1,0,1,8,1,,,0,1,2.0,8,ñkñkêº,8,1,0.00,8,1,73,8,1,13.0,8,1
2008/6/10 5:00:00,15.3,8,1,0,1,8,1,0.2,0,8,1,3.2,8,ñkêº,8,1,0.03,8,1,71,8,1,12.4,8,1
2008/6/10 6:00:00,16.9,8,1,0,1,8,1,1.0,0,8,1,2.7,8,ñkêº,8,1,0.46,8,1,62,8,1,12.0,8,1
2008/6/10 7:00:00,18.5,8,1,0,1,8,1,1.0,0,8,1,4.7,8,ñkêº,8,1,1.20,8,1,57,8,1,12.1,8,1
2008/6/10 8:00:00,20.7,8,1,0,1,8,1,1.0,0,8,1,3.5,8,ñkñkêº,8,1,1.93,8,1,50,8,1,12.2,8,1
2008/6/10 9:00:00,23.5,8,1,0,1,8,1,1.0,0,8,1,2.4,8,ñkñkêº,8,1,2.54,8,1,42,8,1,12.2,8,1
2008/6/10 10:00:00,25.4,8,1,0,1,8,1,1.0,0,8,1,2.4,8,ìÏìå,8,1,2.88,8,1,38,8,1,12.4,8,1
2008/6/10 11:00:00,26.0,8,1,0,1,8,1,0.9,0,8,1,2.7,8,ìÏìå,8,1,2.70,8,1,38,8,1,12.8,8,1
2008/6/10 12:00:00,27.6,8,1,0,1,8,1,1.0,0,8,1,2.3,8,ìÏìå,8,1,3.11,8,1,32,8,1,11.8,8,1
2008/6/10 13:00:00,28.0,8,1,0,1,8,1,1.0,0,8,1,2.7,8,ìåìÏìå,8,1,3.28,8,1,29,8,1,10.9,8,1
2008/6/10 14:00:00,29.0,8,1,0,1,8,1,1.0,0,8,1,3.9,8,ìåìÏìå,8,1,3.01,8,1,34,8,1,13.7,8,1
2008/6/10 15:00:00,28.3,8,1,0,1,8,1,1.0,0,8,1,3.5,8,ìÏìå,8,1,2.60,8,1,36,8,1,13.8,8,1
2008/6/10 16:00:00,28.2,8,1,0,1,8,1,1.0,0,8,1,4.0,8,ìÏìå,8,1,1.96,8,1,35,8,1,13.4,8,1
2008/6/10 17:00:00,28.2,8,1,0,1,8,1,1.0,0,8,1,3.4,8,ìåìÏìå,8,1,1.29,8,1,37,8,1,14.1,8,1
2008/6/10 18:00:00,27.2,8,1,0,1,8,1,0.9,0,8,1,3.4,8,ìåìÏìå,8,1,0.53,8,1,39,8,1,14.1,8,1
2008/6/10 19:00:00,25.5,8,1,0,1,8,1,0,1,8,1,3.6,8,ìåìÏìå,8,1,0.11,8,1,49,8,1,16.0,8,1
2008/6/10 20:00:00,24.1,8,1,0,1,8,1,,,0,1,1.8,8,ìå,8,1,0.00,8,1,56,8,1,16.8,8,1
2008/6/10 21:00:00,23.0,8,1,0,1,8,1,,,0,1,1.6,8,ìåìÏìå,8,1,,0,1,61,8,1,17.2,8,1
2008/6/10 22:00:00,22.4,8,1,0,1,8,1,,,0,1,1.1,8,ìå,8,1,,0,1,62,8,1,16.8,8,1
2008/6/10 23:00:00,20.4,8,1,0,1,8,1,,,0,1,1.1,8,ñkñkêº,8,1,,0,1,68,8,1,16.3,8,1
2008/6/11 00:00:00,19.7,8,1,0,1,8,1,,,0,1,2.0,8,ñkêº,8,1,,0,1,68,8,1,15.6,8,1
2008/6/11 1:00:00,18.9,8,1,0,1,8,1,,,0,1,2.0,8,ñkñkêº,8,1,,0,1,70,8,1,15.3,8,1
2008/6/11 2:00:00,19.0,8,1,0,1,8,1,,,0,1,3.4,8,ñkêº,8,1,,0,1,68,8,1,15.0,8,1
2008/6/11 3:00:00,18.8,8,1,0,1,8,1,,,0,1,1.6,8,ñkêº,8,1,,0,1,68,8,1,14.8,8,1
2008/6/11 4:00:00,18.3,8,1,0,1,8,1,,,0,1,2.0,8,ñkêº,8,1,0.00,8,1,71,8,1,15.0,8,1
2008/6/11 5:00:00,18.6,8,1,0,1,8,1,0,1,8,1,1.9,8,ñkêº,8,1,0.01,8,1,68,8,1,14.6,8,1
2008/6/11 6:00:00,19.4,8,1,0,1,8,1,0,1,8,1,1.4,8,ñkìå,8,1,0.17,8,1,68,8,1,15.3,8,1
2008/6/11 7:00:00,20.1,8,1,0,1,8,1,0,1,8,1,1.1,8,ìÏêº,8,1,0.58,8,1,66,8,1,15.6,8,1
2008/6/11 8:00:00,20.4,8,1,0,1,8,1,0,1,8,1,1.3,8,ìÏìå,8,1,0.85,8,1,70,8,1,16.8,8,1
2008/6/11 9:00:00,21.8,8,1,0,1,8,1,0.1,0,8,1,1.6,8,ìÏêº,8,1,1.25,8,1,67,8,1,17.5,8,1
2008/6/11 10:00:00,23.5,8,1,0,1,8,1,0.7,0,8,1,1.9,8,ìÏìÏìå,8,1,2.32,8,1,59,8,1,17.0,8,1
2008/6/11 11:00:00,24.9,8,1,0,1,8,1,0.5,0,8,1,1.6,8,ìåìÏìå,8,1,2.74,8,1,55,8,1,17.4,8,1
2008/6/11 12:00:00,25.9,8,1,0,1,8,1,0.2,0,8,1,1.7,8,ìÏìå,8,1,2.19,8,1,53,8,1,17.7,8,1
2008/6/11 13:00:00,26.9,8,1,0,1,8,1,0.1,0,8,1,3.0,8,ìÏìå,8,1,2.20,8,1,50,8,1,17.7,8,1
2008/6/11 14:00:00,27.4,8,1,0,1,8,1,0.9,0,8,1,2.4,8,ìåìÏìå,8,1,2.60,8,1,45,8,1,16.4,8,1
2008/6/11 15:00:00,28.2,8,1,0,1,8,1,0.6,0,8,1,3.0,8,ìÏ,8,1,1.97,8,1,45,8,1,17.3,8,1
2008/6/11 16:00:00,28.1,8,1,0,1,8,1,0.8,0,8,1,2.6,8,ìÏ,8,1,1.57,8,1,43,8,1,16.4,8,1
2008/6/11 17:00:00,27.4,8,1,0,1,8,1,0,1,8,1,2.7,8,ìÏìå,8,1,0.87,8,1,47,8,1,17.2,8,1
2008/6/11 18:00:00,26.8,8,1,0,1,8,1,0,1,8,1,2.4,8,ìÏìå,8,1,0.33,8,1,49,8,1,17.3,8,1
2008/6/11 19:00:00,26.1,8,1,0,1,8,1,0,1,8,1,2.1,8,ìåìÏìå,8,1,0.06,8,1,51,8,1,17.3,8,1
2008/6/11 20:00:00,25.6,8,1,0,1,8,1,,,0,1,0.8,8,ñkìå,8,1,0.00,8,1,55,8,1,18.1,8,1
2008/6/11 21:00:00,25.1,8,1,0,1,8,1,,,0,1,2.2,8,ñk,8,1,,0,1,49,8,1,15.6,8,1
2008/6/11 22:00:00,24.0,8,1,0,1,8,1,,,0,1,1.3,8,ñkñkêº,8,1,,0,1,54,8,1,16.1,8,1
2008/6/11 23:00:00,23.7,8,1,0,1,8,1,,,0,1,1.0,8,ñkñkìå,8,1,,0,1,54,8,1,15.9,8,1
2008/6/12 00:00:00,22.6,8,1,0,1,8,1,,,0,1,2.3,8,ñkñkêº,8,1,,0,1,59,8,1,16.2,8,1
2008/6/12 1:00:00,22.0,8,1,0,1,8,1,,,0,1,1.8,8,ñkñkêº,8,1,,0,1,61,8,1,16.1,8,1
2008/6/12 2:00:00,21.8,8,1,0,1,8,1,,,0,1,2.1,8,ñkñkêº,8,1,,0,1,62,8,1,16.2,8,1
2008/6/12 3:00:00,21.4,8,1,0.0,0,8,1,,,0,1,1.8,8,ñkñkêº,8,1,,0,1,63,8,1,16.1,8,1
2008/6/12 4:00:00,21.1,8,1,0.0,0,8,1,,,0,1,1.2,8,ñkêº,8,1,0.00,8,1,64,8,1,16.0,8,1
2008/6/12 5:00:00,18.6,8,1,0.5,0,8,1,0,1,8,1,3.1,8,ìå,8,1,0.00,8,1,86,8,1,18.4,8,1
2008/6/12 6:00:00,18.3,8,1,20.0,0,8,1,0,1,8,1,0.7,8,ìÏìÏêº,8,1,0.01,8,1,89,8,1,18.8,8,1
2008/6/12 7:00:00,17.9,8,1,32.5,0,8,1,0,1,8,1,3.0,8,ìåìÏìå,8,1,0.02,8,1,90,8,1,18.4,8,1
2008/6/12 8:00:00,17.7,8,1,9.0,0,8,1,0,1,8,1,3.5,8,ìÏìå,8,1,0.08,8,1,90,8,1,18.2,8,1
2008/6/12 9:00:00,17.5,8,1,2.5,0,8,1,0,1,8,1,3.6,8,ìÏìÏìå,8,1,0.11,8,1,90,8,1,17.9,8,1
2008/6/12 10:00:00,17.4,8,1,2.0,0,8,1,0,1,8,1,4.0,8,ìÏ,8,1,0.39,8,1,88,8,1,17.5,8,1
2008/6/12 11:00:00,18.2,8,1,0.0,0,8,1,0,1,8,1,2.2,8,ìÏ,8,1,0.71,8,1,84,8,1,17.6,8,1
2008/6/12 12:00:00,19.8,8,1,0,1,8,1,0,1,8,1,1.8,8,ìÏìÏêº,8,1,1.76,8,1,80,8,1,18.5,8,1
2008/6/12 13:00:00,19.4,8,1,0,1,8,1,0,1,8,1,1.7,8,ìÏìÏìå,8,1,1.26,8,1,72,8,1,16.2,8,1
2008/6/12 14:00:00,21.7,8,1,0,1,8,1,0.1,0,8,1,1.4,8,ìÏìÏìå,8,1,1.67,8,1,66,8,1,17.2,8,1
2008/6/12 15:00:00,21.9,8,1,0,1,8,1,0.8,0,8,1,1.3,8,ìÏ,8,1,2.57,8,1,61,8,1,16.0,8,1
2008/6/12 16:00:00,21.9,8,1,0,1,8,1,0,1,8,1,1.1,8,ñkìå,8,1,1.01,8,1,60,8,1,15.8,8,1
2008/6/12 17:00:00,22.0,8,1,0,1,8,1,0.2,0,8,1,1.0,8,ìåñkìå,8,1,0.89,8,1,60,8,1,15.9,8,1
2008/6/12 18:00:00,21.9,8,1,0,1,8,1,0.6,0,8,1,1.5,8,ìÏìå,8,1,0.48,8,1,62,8,1,16.3,8,1
2008/6/12 19:00:00,20.5,8,1,0,1,8,1,0.2,0,8,1,2.8,8,ìÏìå,8,1,0.12,8,1,71,8,1,17.2,8,1
2008/6/12 20:00:00,19.5,8,1,0,1,8,1,,,0,1,2.3,8,ìåìÏìå,8,1,0.00,8,1,76,8,1,17.3,8,1
2008/6/12 21:00:00,18.8,8,1,0,1,8,1,,,0,1,0.4,8,ñkñkìå,8,1,,0,1,80,8,1,17.4,8,1
2008/6/12 22:00:00,17.8,8,1,0,1,8,1,,,0,1,2.7,8,ñkêº,8,1,,0,1,75,8,1,15.3,8,1
2008/6/12 23:00:00,16.8,8,1,0,1,8,1,,,0,1,2.7,8,ñkñkêº,8,1,,0,1,73,8,1,13.9,8,1
2008/6/13 00:00:00,16.4,8,1,0,1,8,1,,,0,1,3.5,8,ñkñkêº,8,1,,0,1,71,8,1,13.2,8,1
2008/6/13 1:00:00,16.0,8,1,0,1,8,1,,,0,1,3.6,8,ñkñkêº,8,1,,0,1,70,8,1,12.7,8,1
2008/6/13 2:00:00,15.5,8,1,0,1,8,1,,,0,1,3.1,8,ñkêº,8,1,,0,1,69,8,1,12.2,8,1
2008/6/13 3:00:00,15.0,8,1,0,1,8,1,,,0,1,3.6,8,ñkêº,8,1,,0,1,69,8,1,11.8,8,1
2008/6/13 4:00:00,14.5,8,1,0,1,8,1,,,0,1,1.6,8,êºñkêº,8,1,0.00,8,1,68,8,1,11.2,8,1
2008/6/13 5:00:00,14.3,8,1,0,1,8,1,0.2,0,8,1,3.5,8,ñkêº,8,1,0.04,8,1,68,8,1,11.1,8,1
2008/6/13 6:00:00,16.3,8,1,0,1,8,1,1.0,0,8,1,3.2,8,ñkñkêº,8,1,0.47,8,1,59,8,1,10.9,8,1
2008/6/13 7:00:00,17.5,8,1,0,1,8,1,1.0,0,8,1,3.6,8,ñkñkêº,8,1,1.17,8,1,56,8,1,11.2,8,1
2008/6/13 8:00:00,19.5,8,1,0,1,8,1,1.0,0,8,1,2.1,8,ñkêº,8,1,1.88,8,1,52,8,1,11.8,8,1
2008/6/13 9:00:00,21.5,8,1,0,1,8,1,1.0,0,8,1,1.0,8,ñkñkìå,8,1,2.45,8,1,46,8,1,11.8,8,1
2008/6/13 10:00:00,24.2,8,1,0,1,8,1,1.0,0,8,1,1.8,8,ìåìÏìå,8,1,2.95,8,1,43,8,1,12.9,8,1
2008/6/13 11:00:00,25.2,8,1,0,1,8,1,0.9,0,8,1,1.5,8,ìÏìÏìå,8,1,3.06,8,1,38,8,1,12.2,8,1
2008/6/13 12:00:00,26.2,8,1,0,1,8,1,0.7,0,8,1,2.0,8,ìåìÏìå,8,1,2.87,8,1,33,8,1,11.2,8,1
2008/6/13 13:00:00,26.7,8,1,0,1,8,1,0.1,0,8,1,1.3,8,ìå,8,1,1.58,8,1,33,8,1,11.6,8,1
2008/6/13 14:00:00,26.7,8,1,0,1,8,1,0,1,8,1,1.8,8,êº,8,1,1.26,8,1,33,8,1,11.6,8,1
2008/6/13 15:00:00,27.3,8,1,0.0,0,8,1,0,1,8,1,1.1,8,êº,8,1,0.77,8,1,33,8,1,12.0,8,1
2008/6/13 16:00:00,25.2,8,1,0.0,0,8,1,0,1,8,1,2.3,8,ñkñkêº,8,1,0.56,8,1,37,8,1,11.9,8,1
2008/6/13 17:00:00,24.6,8,1,0.0,0,8,1,0.1,0,8,1,3.9,8,ñkñkêº,8,1,0.42,8,1,38,8,1,11.8,8,1
2008/6/13 18:00:00,23.9,8,1,0.0,0,8,1,0,1,8,1,2.1,8,ñkêº,8,1,0.12,8,1,41,8,1,12.2,8,1
2008/6/13 19:00:00,24.4,8,1,0,1,8,1,0,1,8,1,3.4,8,êº,8,1,0.00,8,1,40,8,1,12.2,8,1
2008/6/13 20:00:00,22.8,8,1,0,1,8,1,0,1,8,1,1.3,8,ñk,8,1,0.00,8,1,45,8,1,12.5,8,1
2008/6/13 21:00:00,20.9,8,1,0,1,8,1,,,0,1,2.5,8,ñkñkêº,8,1,,0,1,56,8,1,13.8,8,1
2008/6/13 22:00:00,20.0,8,1,0,1,8,1,,,0,1,3.0,8,ñkñkêº,8,1,,0,1,58,8,1,13.6,8,1
2008/6/13 23:00:00,19.7,8,1,0,1,8,1,,,0,1,3.6,8,ñkêº,8,1,,0,1,57,8,1,13.1,8,1
2008/6/14 00:00:00,19.2,8,1,0,1,8,1,,,0,1,4.4,8,ñkêº,8,1,,0,1,58,8,1,12.9,8,1
2008/6/14 1:00:00,18.6,8,1,0,1,8,1,,,0,1,3.8,8,ñkêº,8,1,,0,1,60,8,1,12.9,8,1
2008/6/14 2:00:00,18.3,8,1,0,1,8,1,,,0,1,3.6,8,ñkêº,8,1,,0,1,62,8,1,13.0,8,1
2008/6/14 3:00:00,18.4,8,1,0,1,8,1,,,0,1,4.6,8,ñkñkêº,8,1,,0,1,60,8,1,12.7,8,1
2008/6/14 4:00:00,18.3,8,1,0,1,8,1,,,0,1,4.7,8,ñkñkêº,8,1,0.00,8,1,60,8,1,12.6,8,1
2008/6/14 5:00:00,18.3,8,1,0,1,8,1,0,1,8,1,4.3,8,ñkêº,8,1,0.03,8,1,60,8,1,12.6,8,1
2008/6/14 6:00:00,19.6,8,1,0,1,8,1,0,1,8,1,3.4,8,êºñkêº,8,1,0.23,8,1,55,8,1,12.5,8,1
2008/6/14 7:00:00,22.4,8,1,0,1,8,1,1.0,0,8,1,4.1,8,ñkñkêº,8,1,1.05,8,1,41,8,1,11.1,8,1
2008/6/14 8:00:00,24.0,8,1,0,1,8,1,1.0,0,8,1,3.8,8,ñkñkêº,8,1,1.77,8,1,38,8,1,11.3,8,1
2008/6/14 9:00:00,25.6,8,1,0,1,8,1,1.0,0,8,1,3.1,8,ñk,8,1,2.43,8,1,36,8,1,11.8,8,1
2008/6/14 10:00:00,26.7,8,1,0,1,8,1,1.0,0,8,1,3.5,8,ñk,8,1,2.94,8,1,35,8,1,12.3,8,1
2008/6/14 11:00:00,27.1,8,1,0,1,8,1,1.0,0,8,1,4.5,8,ñkñkêº,8,1,3.31,8,1,35,8,1,12.5,8,1
2008/6/14 12:00:00,27.9,8,1,0,1,8,1,1.0,0,8,1,3.9,8,ñkñkêº,8,1,3.46,8,1,33,8,1,12.4,8,1
2008/6/14 13:00:00,29.4,8,1,0,1,8,1,1.0,0,8,1,3.4,8,ñk,8,1,3.39,8,1,29,8,1,11.9,8,1
2008/6/14 14:00:00,28.0,8,1,0,1,8,1,1.0,0,8,1,5.6,8,ñkñkêº,8,1,3.07,8,1,30,8,1,11.3,8,1
2008/6/14 15:00:00,27.8,8,1,0,1,8,1,1.0,0,8,1,5.2,8,ñkñkêº,8,1,2.60,8,1,28,8,1,10.4,8,1
2008/6/14 16:00:00,25.8,8,1,0,1,8,1,0.2,0,8,1,3.2,8,ñk,8,1,1.26,8,1,27,8,1,9.0,8,1
2008/6/14 17:00:00,24.4,8,1,0,1,8,1,0.1,0,8,1,4.0,8,ìÏìå,8,1,0.42,8,1,51,8,1,15.6,8,1
2008/6/14 18:00:00,23.2,8,1,0,1,8,1,0.4,0,8,1,4.2,8,ìåìÏìå,8,1,0.48,8,1,50,8,1,14.2,8,1
2008/6/14 19:00:00,22.3,8,1,0,1,8,1,0.2,0,8,1,2.9,8,ìåìÏìå,8,1,0.04,8,1,52,8,1,14.0,8,1
2008/6/14 20:00:00,21.4,8,1,0,1,8,1,0,1,8,1,3.0,8,ìåìÏìå,8,1,0.00,8,1,51,8,1,13.0,8,1
2008/6/14 21:00:00,20.6,8,1,0,1,8,1,,,0,1,2.3,8,ìÏìå,8,1,,0,1,52,8,1,12.6,8,1
2008/6/14 22:00:00,20.0,8,1,0,1,8,1,,,0,1,2.8,8,ìåìÏìå,8,1,,0,1,56,8,1,13.1,8,1
2008/6/14 23:00:00,19.5,8,1,0,1,8,1,,,0,1,1.7,8,ìåìÏìå,8,1,,0,1,57,8,1,12.9,8,1
2008/6/15 00:00:00,19.1,8,1,0,1,8,1,,,0,1,2.0,8,ìå,8,1,,0,1,59,8,1,13.0,8,1
2008/6/15 1:00:00,18.5,8,1,0,1,8,1,,,0,1,1.1,8,ìÏìÏêº,8,1,,0,1,54,8,1,11.5,8,1
2008/6/15 2:00:00,17.6,8,1,0,1,8,1,,,0,1,2.4,8,ñkñkêº,8,1,,0,1,55,8,1,11.1,8,1
2008/6/15 3:00:00,16.4,8,1,0,1,8,1,,,0,1,2.4,8,ñkñkêº,8,1,,0,1,58,8,1,10.8,8,1
2008/6/15 4:00:00,15.8,8,1,0,1,8,1,,,0,1,1.8,8,ñkñkêº,8,1,0.00,8,1,59,8,1,10.6,8,1
2008/6/15 5:00:00,15.8,8,1,0,1,8,1,0,1,8,1,1.9,8,ñkñkêº,8,1,0.02,8,1,59,8,1,10.6,8,1
2008/6/15 6:00:00,16.6,8,1,0,1,8,1,0,1,8,1,2.1,8,ñkñkêº,8,1,0.24,8,1,56,8,1,10.6,8,1
2008/6/15 7:00:00,17.7,8,1,0,1,8,1,0.1,0,8,1,2.5,8,ñkêº,8,1,0.72,8,1,53,8,1,10.7,8,1
2008/6/15 8:00:00,19.6,8,1,0,1,8,1,0.3,0,8,1,1.1,8,êº,8,1,1.56,8,1,55,8,1,12.5,8,1
2008/6/15 9:00:00,20.9,8,1,0,1,8,1,1.0,0,8,1,2.1,8,ìÏìå,8,1,2.50,8,1,54,8,1,13.4,8,1
2008/6/15 10:00:00,22.0,8,1,0,1,8,1,0.7,0,8,1,2.0,8,ìÏ,8,1,2.56,8,1,51,8,1,13.5,8,1
2008/6/15 11:00:00,22.5,8,1,0,1,8,1,0.9,0,8,1,1.0,8,ìÏ,8,1,3.27,8,1,49,8,1,13.4,8,1
2008/6/15 12:00:00,24.4,8,1,0,1,8,1,0.9,0,8,1,2.8,8,ìÏìÏìå,8,1,3.22,8,1,45,8,1,13.7,8,1
2008/6/15 13:00:00,25.0,8,1,0,1,8,1,0.9,0,8,1,3.3,8,ìÏìå,8,1,3.13,8,1,41,8,1,12.9,8,1
2008/6/15 14:00:00,24.6,8,1,0,1,8,1,1.0,0,8,1,3.2,8,ìÏìå,8,1,2.93,8,1,41,8,1,12.7,8,1
2008/6/15 15:00:00,26.4,8,1,0,1,8,1,0.8,0,8,1,3.2,8,ìåìÏìå,8,1,2.05,8,1,41,8,1,14.1,8,1
2008/6/15 16:00:00,25.2,8,1,0,1,8,1,0.2,0,8,1,4.1,8,ìÏìå,8,1,1.14,8,1,43,8,1,13.7,8,1
2008/6/15 17:00:00,24.6,8,1,0,1,8,1,0.2,0,8,1,4.3,8,ìåìÏìå,8,1,0.74,8,1,46,8,1,14.2,8,1
2008/6/15 18:00:00,23.5,8,1,0,1,8,1,0,1,8,1,4.1,8,ìÏìå,8,1,0.27,8,1,51,8,1,14.8,8,1
2008/6/15 19:00:00,22.2,8,1,0,1,8,1,0,1,8,1,3.6,8,ìÏìå,8,1,0.07,8,1,55,8,1,14.7,8,1
2008/6/15 20:00:00,21.1,8,1,0,1,8,1,0,1,8,1,4.2,8,ìåìÏìå,8,1,0.00,8,1,62,8,1,15.5,8,1
2008/6/15 21:00:00,20.5,8,1,0,1,8,1,,,0,1,2.9,8,ìåìÏìå,8,1,,0,1,66,8,1,15.9,8,1
2008/6/15 22:00:00,20.0,8,1,0,1,8,1,,,0,1,3.1,8,ìÏìå,8,1,,0,1,68,8,1,15.9,8,1
2008/6/15 23:00:00,19.8,8,1,0,1,8,1,,,0,1,2.6,8,ìåìÏìå,8,1,,0,1,69,8,1,16.0,8,1
2008/6/16 00:00:00,19.7,8,1,0,1,8,1,,,0,1,1.5,8,ìÏìå,8,1,,0,1,69,8,1,15.9,8,1
2008/6/16 1:00:00,19.5,8,1,0,1,8,1,,,0,1,0.8,8,ìå,8,1,,0,1,70,8,1,15.9,8,1
2008/6/16 2:00:00,19.4,8,1,0,1,8,1,,,0,1,0.5,8,ñkìå,8,1,,0,1,70,8,1,15.8,8,1
2008/6/16 3:00:00,19.2,8,1,0,1,8,1,,,0,1,1.0,8,ñkñkêº,8,1,,0,1,71,8,1,15.8,8,1
2008/6/16 4:00:00,18.4,8,1,0,1,8,1,,,0,1,1.4,8,ñk,8,1,0.00,8,1,77,8,1,16.3,8,1
2008/6/16 5:00:00,17.5,8,1,0,1,8,1,0,1,8,1,1.2,8,ñkñkêº,8,1,0.01,8,1,79,8,1,15.8,8,1
2008/6/16 6:00:00,18.4,8,1,0,1,8,1,0.4,0,8,1,1.6,8,ñkêº,8,1,0.32,8,1,75,8,1,15.9,8,1
2008/6/16 7:00:00,19.5,8,1,0,1,8,1,0.6,0,8,1,0.5,8,êºñkêº,8,1,0.73,8,1,70,8,1,15.9,8,1
2008/6/16 8:00:00,21.2,8,1,0,1,8,1,0.8,0,8,1,1.2,8,êºñkêº,8,1,1.60,8,1,62,8,1,15.6,8,1
2008/6/16 9:00:00,22.5,8,1,0,1,8,1,0.8,0,8,1,1.2,8,ìÏìÏêº,8,1,2.02,8,1,62,8,1,16.9,8,1
2008/6/16 10:00:00,24.1,8,1,0,1,8,1,1.0,0,8,1,1.0,8,ìÏ,8,1,2.88,8,1,55,8,1,16.5,8,1
2008/6/16 11:00:00,25.1,8,1,0,1,8,1,1.0,0,8,1,2.9,8,ìÏìÏìå,8,1,3.21,8,1,50,8,1,16.0,8,1
2008/6/16 12:00:00,27.2,8,1,0,1,8,1,1.0,0,8,1,3.7,8,ìåìÏìå,8,1,3.34,8,1,47,8,1,16.9,8,1
2008/6/16 13:00:00,27.3,8,1,0,1,8,1,1.0,0,8,1,3.4,8,ìåìÏìå,8,1,3.25,8,1,44,8,1,16.0,8,1
2008/6/16 14:00:00,27.8,8,1,0,1,8,1,1.0,0,8,1,3.5,8,ìåìÏìå,8,1,3.00,8,1,42,8,1,15.7,8,1
2008/6/16 15:00:00,27.8,8,1,0,1,8,1,1.0,0,8,1,2.6,8,ìÏìÏìå,8,1,2.47,8,1,42,8,1,15.7,8,1
2008/6/16 16:00:00,28.5,8,1,0,1,8,1,1.0,0,8,1,2.8,8,ìåìÏìå,8,1,1.90,8,1,41,8,1,16.0,8,1
2008/6/16 17:00:00,27.8,8,1,0,1,8,1,1.0,0,8,1,3.4,8,ìåìÏìå,8,1,1.22,8,1,41,8,1,15.4,8,1
2008/6/16 18:00:00,27.3,8,1,0,1,8,1,0.9,0,8,1,3.0,8,ìå,8,1,0.56,8,1,43,8,1,15.6,8,1
2008/6/16 19:00:00,26.3,8,1,0,1,8,1,0,1,8,1,2.3,8,ìåìÏìå,8,1,0.10,8,1,48,8,1,16.4,8,1
2008/6/16 20:00:00,25.8,8,1,0,1,8,1,0,1,8,1,1.3,8,ìå,8,1,0.00,8,1,49,8,1,16.3,8,1
2008/6/16 21:00:00,24.6,8,1,0,1,8,1,,,0,1,3.2,8,ìÏìå,8,1,,0,1,54,8,1,16.7,8,1
2008/6/16 22:00:00,23.3,8,1,0,1,8,1,,,0,1,2.3,8,ìÏìå,8,1,,0,1,57,8,1,16.3,8,1
2008/6/16 23:00:00,22.4,8,1,0,1,8,1,,,0,1,1.2,8,ìå,8,1,,0,1,64,8,1,17.4,8,1
2008/6/17 00:00:00,20.8,8,1,0,1,8,1,,,0,1,1.5,8,ñkêº,8,1,,0,1,57,8,1,14.0,8,1
2008/6/17 1:00:00,19.9,8,1,0,1,8,1,,,0,1,1.5,8,ñkêº,8,1,,0,1,60,8,1,13.9,8,1
2008/6/17 2:00:00,19.7,8,1,0,1,8,1,,,0,1,1.7,8,ñkñkêº,8,1,,0,1,60,8,1,13.7,8,1
2008/6/17 3:00:00,19.1,8,1,0,1,8,1,,,0,1,2.3,8,ñkêº,8,1,,0,1,57,8,1,12.6,8,1
2008/6/17 4:00:00,18.8,8,1,0,1,8,1,,,0,1,2.2,8,ñkñkêº,8,1,0.00,8,1,55,8,1,12.0,8,1
2008/6/17 5:00:00,17.8,8,1,0,1,8,1,0,1,8,1,2.3,8,ñkêº,8,1,0.03,8,1,58,8,1,11.8,8,1
2008/6/17 6:00:00,18.5,8,1,0,1,8,1,1.0,0,8,1,2.5,8,ñkñkêº,8,1,0.44,8,1,56,8,1,12.0,8,1
2008/6/17 7:00:00,20.6,8,1,0,1,8,1,1.0,0,8,1,2.9,8,ñkêº,8,1,1.14,8,1,47,8,1,11.4,8,1
2008/6/17 8:00:00,22.9,8,1,0,1,8,1,1.0,0,8,1,2.3,8,ñkêº,8,1,1.85,8,1,45,8,1,12.6,8,1
2008/6/17 9:00:00,24.3,8,1,0,1,8,1,1.0,0,8,1,1.5,8,êºñkêº,8,1,2.46,8,1,35,8,1,10.7,8,1
2008/6/17 10:00:00,26.1,8,1,0,1,8,1,1.0,0,8,1,3.1,8,ìå,8,1,2.94,8,1,41,8,1,13.8,8,1
2008/6/17 11:00:00,27.9,8,1,0,1,8,1,1.0,0,8,1,3.2,8,ìåìÏìå,8,1,3.27,8,1,36,8,1,13.6,8,1
2008/6/17 12:00:00,28.7,8,1,0,1,8,1,1.0,0,8,1,4.4,8,ìåìÏìå,8,1,3.36,8,1,42,8,1,16.5,8,1
2008/6/17 13:00:00,28.2,8,1,0,1,8,1,1.0,0,8,1,4.2,8,ìÏìå,8,1,3.28,8,1,43,8,1,16.4,8,1
2008/6/17 14:00:00,28.1,8,1,0,1,8,1,0.9,0,8,1,4.9,8,ìÏìå,8,1,2.80,8,1,45,8,1,17.2,8,1
2008/6/17 15:00:00,27.9,8,1,0,1,8,1,0.9,0,8,1,5.0,8,ìåìÏìå,8,1,2.34,8,1,47,8,1,17.7,8,1
2008/6/17 16:00:00,26.5,8,1,0,1,8,1,0.6,0,8,1,4.4,8,ìÏìå,8,1,1.47,8,1,50,8,1,17.3,8,1
2008/6/17 17:00:00,25.4,8,1,0,1,8,1,0.7,0,8,1,5.0,8,ìåìÏìå,8,1,1.02,8,1,52,8,1,16.8,8,1
2008/6/17 18:00:00,23.9,8,1,0,1,8,1,0,1,8,1,4.8,8,ìåìÏìå,8,1,0.37,8,1,53,8,1,15.7,8,1
2008/6/17 19:00:00,22.7,8,1,0,1,8,1,0,1,8,1,4.4,8,ìåìÏìå,8,1,0.07,8,1,55,8,1,15.2,8,1
2008/6/17 20:00:00,21.3,8,1,0,1,8,1,0,1,8,1,3.7,8,ìÏìå,8,1,0.00,8,1,56,8,1,14.2,8,1
2008/6/17 21:00:00,21.0,8,1,0,1,8,1,,,0,1,3.0,8,ìÏìå,8,1,,0,1,57,8,1,14.2,8,1
2008/6/17 22:00:00,20.2,8,1,0,1,8,1,,,0,1,3.6,8,ìÏìå,8,1,,0,1,55,8,1,13.0,8,1
2008/6/17 23:00:00,19.9,8,1,0,1,8,1,,,0,1,2.3,8,ìÏìÏìå,8,1,,0,1,55,8,1,12.8,8,1
2008/6/18 00:00:00,19.4,8,1,0,1,8,1,,,0,1,1.6,8,ìÏ,8,1,,0,1,58,8,1,13.0,8,1
2008/6/18 1:00:00,19.0,8,1,0,1,8,1,,,0,1,1.2,8,ìÏ,8,1,,0,1,59,8,1,12.9,8,1
2008/6/18 2:00:00,19.0,8,1,0,1,8,1,,,0,1,0.9,8,ìÏìå,8,1,,0,1,59,8,1,12.9,8,1
2008/6/18 3:00:00,18.5,8,1,0,1,8,1,,,0,1,0.9,8,ìÏìå,8,1,,0,1,62,8,1,13.2,8,1
2008/6/18 4:00:00,17.5,8,1,0,1,8,1,,,0,1,1.3,8,ñkñkêº,8,1,0.00,8,1,69,8,1,13.8,8,1
2008/6/18 5:00:00,17.0,8,1,0,1,8,1,0,1,8,1,1.2,8,ñk,8,1,0.03,8,1,72,8,1,13.9,8,1
2008/6/18 6:00:00,18.1,8,1,0,1,8,1,0,1,8,1,1.2,8,ñkêº,8,1,0.36,8,1,66,8,1,13.7,8,1
2008/6/18 7:00:00,19.0,8,1,0,1,8,1,0.7,0,8,1,0.6,8,ìÏêº,8,1,0.90,8,1,61,8,1,13.4,8,1
2008/6/18 8:00:00,21.0,8,1,0,1,8,1,0.7,0,8,1,1.3,8,ìÏìÏìå,8,1,1.33,8,1,57,8,1,14.2,8,1
2008/6/18 9:00:00,22.2,8,1,0,1,8,1,0.7,0,8,1,1.9,8,ìÏìÏìå,8,1,1.87,8,1,53,8,1,14.2,8,1
2008/6/18 10:00:00,22.7,8,1,0,1,8,1,1.0,0,8,1,1.9,8,ìÏêº,8,1,2.68,8,1,54,8,1,14.9,8,1
2008/6/18 11:00:00,24.7,8,1,0,1,8,1,1.0,0,8,1,1.4,8,ìÏìå,8,1,2.68,8,1,49,8,1,15.3,8,1
2008/6/18 12:00:00,25.5,8,1,0,1,8,1,1.0,0,8,1,2.7,8,ìÏìå,8,1,3.27,8,1,47,8,1,15.4,8,1
2008/6/18 13:00:00,27.2,8,1,0,1,8,1,1.0,0,8,1,3.9,8,ìÏìå,8,1,3.22,8,1,47,8,1,16.9,8,1
2008/6/18 14:00:00,27.7,8,1,0,1,8,1,1.0,0,8,1,4.4,8,ìåìÏìå,8,1,2.96,8,1,44,8,1,16.4,8,1
2008/6/18 15:00:00,27.0,8,1,0,1,8,1,0.9,0,8,1,3.4,8,ìÏìå,8,1,1.86,8,1,45,8,1,16.1,8,1
2008/6/18 16:00:00,27.4,8,1,0,1,8,1,0.9,0,8,1,3.3,8,ìÏìå,8,1,1.64,8,1,46,8,1,16.8,8,1
2008/6/18 17:00:00,26.9,8,1,0,1,8,1,0.2,0,8,1,3.2,8,ìåìÏìå,8,1,0.88,8,1,48,8,1,17.0,8,1
2008/6/18 18:00:00,26.7,8,1,0,1,8,1,0.1,0,8,1,2.5,8,ìÏìå,8,1,0.48,8,1,49,8,1,17.2,8,1
2008/6/18 19:00:00,25.7,8,1,0,1,8,1,0,1,8,1,2.7,8,ìÏìå,8,1,0.16,8,1,52,8,1,17.2,8,1
2008/6/18 20:00:00,24.3,8,1,0,1,8,1,0,1,8,1,2.6,8,ìÏìÏìå,8,1,0.00,8,1,61,8,1,18.5,8,1
2008/6/18 21:00:00,23.3,8,1,0,1,8,1,,,0,1,3.1,8,ìåìÏìå,8,1,,0,1,66,8,1,18.9,8,1
2008/6/18 22:00:00,22.3,8,1,0,1,8,1,,,0,1,1.7,8,ìåìÏìå,8,1,,0,1,71,8,1,19.1,8,1
2008/6/18 23:00:00,21.8,8,1,0,1,8,1,,,0,1,1.9,8,ìå,8,1,,0,1,74,8,1,19.4,8,1
2008/6/19 00:00:00,21.2,8,1,0,1,8,1,,,0,1,1.5,8,ìåñkìå,8,1,,0,1,76,8,1,19.1,8,1
2008/6/19 1:00:00,20.3,8,1,0,1,8,1,,,0,1,1.0,8,ñkêº,8,1,,0,1,76,8,1,18.1,8,1
2008/6/19 2:00:00,19.9,8,1,0,1,8,1,,,0,1,1.3,8,ñkñkêº,8,1,,0,1,74,8,1,17.2,8,1
2008/6/19 3:00:00,19.5,8,1,0,1,8,1,,,0,1,1.1,8,ñkñkêº,8,1,,0,1,75,8,1,17.0,8,1
2008/6/19 4:00:00,19.4,8,1,0,1,8,1,,,0,1,1.8,8,ñkêº,8,1,0.00,8,1,75,8,1,16.9,8,1
2008/6/19 5:00:00,19.6,8,1,0,1,8,1,0,1,8,1,1.5,8,ñkñkêº,8,1,0.01,8,1,74,8,1,16.8,8,1
2008/6/19 6:00:00,20.6,8,1,0,1,8,1,0,1,8,1,1.2,8,ñkêº,8,1,0.33,8,1,69,8,1,16.7,8,1
2008/6/19 7:00:00,20.6,8,1,0,1,8,1,0,1,8,1,2.0,8,ìå,8,1,0.52,8,1,76,8,1,18.4,8,1
2008/6/19 8:00:00,21.7,8,1,0,1,8,1,0,1,8,1,1.1,8,ìåìÏìå,8,1,0.76,8,1,71,8,1,18.4,8,1
2008/6/19 9:00:00,22.2,8,1,0,1,8,1,0,1,8,1,0.4,8,ìÏìå,8,1,0.75,8,1,67,8,1,17.9,8,1
2008/6/19 10:00:00,23.0,8,1,0,1,8,1,0,1,8,1,1.2,8,ìÏìå,8,1,1.09,8,1,65,8,1,18.3,8,1
2008/6/19 11:00:00,24.1,8,1,0,1,8,1,0,1,8,1,1.5,8,ìÏìÏêº,8,1,1.37,8,1,60,8,1,18.1,8,1
2008/6/19 12:00:00,24.3,8,1,0,1,8,1,0,1,8,1,1.4,8,ìÏìÏêº,8,1,1.14,8,1,61,8,1,18.5,8,1
2008/6/19 13:00:00,26.0,8,1,0,1,8,1,0,1,8,1,1.2,8,ìåìÏìå,8,1,1.55,8,1,59,8,1,19.9,8,1
2008/6/19 14:00:00,25.6,8,1,0.0,0,8,1,0,1,8,1,1.9,8,ìåñkìå,8,1,1.42,8,1,60,8,1,19.7,8,1
2008/6/19 15:00:00,25.3,8,1,0.0,0,8,1,0,1,8,1,1.5,8,ìÏ,8,1,0.64,8,1,60,8,1,19.4,8,1
2008/6/19 16:00:00,24.5,8,1,0.0,0,8,1,0,1,8,1,1.4,8,ìÏìå,8,1,0.30,8,1,70,8,1,21.6,8,1
2008/6/19 17:00:00,25.1,8,1,0.0,0,8,1,0,1,8,1,1.0,8,ìåìÏìå,8,1,0.52,8,1,64,8,1,20.4,8,1
2008/6/19 18:00:00,25.0,8,1,0,1,8,1,0,1,8,1,0.8,8,ñkñkìå,8,1,0.21,8,1,64,8,1,20.2,8,1
2008/6/19 19:00:00,24.7,8,1,0,1,8,1,0,1,8,1,0.6,8,ñkñkìå,8,1,0.04,8,1,66,8,1,20.5,8,1
2008/6/19 20:00:00,24.3,8,1,0,1,8,1,0,1,8,1,1.0,8,ñkñkêº,8,1,0.00,8,1,69,8,1,20.9,8,1
2008/6/19 21:00:00,23.3,8,1,0,1,8,1,,,0,1,1.3,8,ñkêº,8,1,,0,1,75,8,1,21.4,8,1
2008/6/19 22:00:00,22.9,8,1,0,1,8,1,,,0,1,1.4,8,ñkñkêº,8,1,,0,1,76,8,1,21.2,8,1
2008/6/19 23:00:00,22.3,8,1,0,1,8,1,,,0,1,1.5,8,ñkñkêº,8,1,,0,1,77,8,1,20.8,8,1
2008/6/20 00:00:00,22.3,8,1,0,1,8,1,,,0,1,1.6,8,ñkñkêº,8,1,,0,1,77,8,1,20.8,8,1
2008/6/20 1:00:00,22.2,8,1,0,1,8,1,,,0,1,1.4,8,ñkêº,8,1,,0,1,77,8,1,20.6,8,1
2008/6/20 2:00:00,22.2,8,1,0,1,8,1,,,0,1,1.6,8,ìÏìÏìå,8,1,,0,1,78,8,1,20.9,8,1
2008/6/20 3:00:00,21.9,8,1,0,1,8,1,,,0,1,0.5,8,êºìÏêº,8,1,,0,1,78,8,1,20.5,8,1
2008/6/20 4:00:00,21.8,8,1,0,1,8,1,,,0,1,0.7,8,ìÏêº,8,1,0.00,8,1,78,8,1,20.4,8,1
2008/6/20 5:00:00,21.8,8,1,0,1,8,1,0,1,8,1,0.6,8,ìÏìÏêº,8,1,0.00,8,1,79,8,1,20.6,8,1
2008/6/20 6:00:00,22.0,8,1,0,1,8,1,0,1,8,1,1.1,8,ìåìÏìå,8,1,0.08,8,1,77,8,1,20.4,8,1
2008/6/20 7:00:00,22.4,8,1,0,1,8,1,0,1,8,1,0.8,8,ñkêº,8,1,0.30,8,1,76,8,1,20.6,8,1
2008/6/20 8:00:00,23.0,8,1,0,1,8,1,0,1,8,1,1.0,8,ìÏìÏêº,8,1,0.75,8,1,71,8,1,20.0,8,1
2008/6/20 9:00:00,23.9,8,1,0,1,8,1,0,1,8,1,1.1,8,ìÏìÏìå,8,1,0.97,8,1,70,8,1,20.8,8,1
2008/6/20 10:00:00,26.1,8,1,0,1,8,1,0,1,8,1,1.3,8,ìÏìÏìå,8,1,1.36,8,1,65,8,1,22.0,8,1
2008/6/20 11:00:00,26.3,8,1,0,1,8,1,0.4,0,8,1,1.8,8,ìÏìå,8,1,2.02,8,1,61,8,1,20.9,8,1
2008/6/20 12:00:00,26.6,8,1,0,1,8,1,0,1,8,1,1.8,8,ìÏìå,8,1,1.43,8,1,58,8,1,20.2,8,1
2008/6/20 13:00:00,27.4,8,1,0,1,8,1,0,1,8,1,1.9,8,ìÏìÏìå,8,1,1.48,8,1,57,8,1,20.8,8,1
2008/6/20 14:00:00,27.2,8,1,0,1,8,1,0,1,8,1,1.8,8,ìÏ,8,1,1.10,8,1,59,8,1,21.3,8,1
2008/6/20 15:00:00,27.3,8,1,0,1,8,1,0,1,8,1,1.8,8,ìÏìÏìå,8,1,0.63,8,1,59,8,1,21.4,8,1
2008/6/20 16:00:00,27.0,8,1,0,1,8,1,0,1,8,1,2.8,8,ìÏìÏìå,8,1,0.51,8,1,61,8,1,21.7,8,1
2008/6/20 17:00:00,26.3,8,1,0,1,8,1,0,1,8,1,3.0,8,ìÏìÏìå,8,1,0.28,8,1,65,8,1,22.2,8,1
2008/6/20 18:00:00,25.8,8,1,0,1,8,1,0,1,8,1,2.0,8,ìÏìÏìå,8,1,0.20,8,1,68,8,1,22.7,8,1
2008/6/20 19:00:00,25.0,8,1,0,1,8,1,0,1,8,1,3.4,8,ìÏìå,8,1,0.08,8,1,74,8,1,23.4,8,1
2008/6/20 20:00:00,24.2,8,1,0,1,8,1,0,1,8,1,2.8,8,ìåìÏìå,8,1,0.00,8,1,78,8,1,23.5,8,1
2008/6/20 21:00:00,23.8,8,1,0,1,8,1,,,0,1,2.1,8,ìåìÏìå,8,1,,0,1,80,8,1,23.5,8,1
2008/6/20 22:00:00,23.5,8,1,0,1,8,1,,,0,1,2.1,8,ìÏìå,8,1,,0,1,81,8,1,23.5,8,1
2008/6/20 23:00:00,23.3,8,1,0.0,0,8,1,,,0,1,1.6,8,ìÏêº,8,1,,0,1,82,8,1,23.5,8,1
2008/6/21 00:00:00,22.6,8,1,1.5,0,8,1,,,0,1,1.7,8,ñkñkêº,8,1,,0,1,88,8,1,24.1,8,1
2008/6/21 1:00:00,22.4,8,1,0.5,0,8,1,,,0,1,2.3,8,ìÏêº,8,1,,0,1,89,8,1,24.1,8,1
2008/6/21 2:00:00,22.5,8,1,0.5,0,8,1,,,0,1,1.0,8,ñkêº,8,1,,0,1,90,8,1,24.6,8,1
2008/6/21 3:00:00,22.6,8,1,0.5,0,8,1,,,0,1,0.9,8,ìÏìå,8,1,,0,1,90,8,1,24.7,8,1
2008/6/21 4:00:00,22.2,8,1,0.5,0,8,1,,,0,1,1.7,8,ìåìÏìå,8,1,0.00,8,1,90,8,1,24.1,8,1
2008/6/21 5:00:00,22.1,8,1,0.0,0,8,1,0,1,8,1,1.7,8,ìåìÏìå,8,1,0.00,8,1,91,8,1,24.3,8,1
2008/6/21 6:00:00,22.2,8,1,0.5,0,8,1,0,1,8,1,0.8,8,ìåìÏìå,8,1,0.00,8,1,90,8,1,24.1,8,1
2008/6/21 7:00:00,21.3,8,1,2.0,0,8,1,0,1,8,1,1.0,8,ñkñkìå,8,1,0.04,8,1,88,8,1,22.2,8,1
2008/6/21 8:00:00,21.9,8,1,0.0,0,8,1,0,1,8,1,1.4,8,ñk,8,1,0.16,8,1,85,8,1,22.4,8,1
2008/6/21 9:00:00,22.2,8,1,0.0,0,8,1,0,1,8,1,1.8,8,ñkêº,8,1,0.33,8,1,84,8,1,22.5,8,1
2008/6/21 10:00:00,23.5,8,1,0.0,0,8,1,0,1,8,1,1.9,8,ñkêº,8,1,0.88,8,1,77,8,1,22.2,8,1
2008/6/21 11:00:00,23.4,8,1,0.0,0,8,1,0,1,8,1,1.9,8,êºìÏêº,8,1,0.78,8,1,80,8,1,23.1,8,1
2008/6/21 12:00:00,24.3,8,1,0.0,0,8,1,0,1,8,1,2.7,8,êº,8,1,1.10,8,1,73,8,1,22.2,8,1
2008/6/21 13:00:00,24.3,8,1,0.0,0,8,1,0,1,8,1,2.7,8,êºìÏêº,8,1,1.10,8,1,70,8,1,21.3,8,1
2008/6/21 14:00:00,26.0,8,1,0.0,0,8,1,0,1,8,1,2.7,8,êºìÏêº,8,1,1.51,8,1,66,8,1,22.2,8,1
2008/6/21 15:00:00,27.0,8,1,0,1,8,1,0.1,0,8,1,1.8,8,êºìÏêº,8,1,1.52,8,1,62,8,1,22.1,8,1
2008/6/21 16:00:00,28.0,8,1,0,1,8,1,0.7,0,8,1,2.1,8,êºìÏêº,8,1,1.75,8,1,59,8,1,22.2,8,1
2008/6/21 17:00:00,27.4,8,1,0,1,8,1,0,1,8,1,2.0,8,ìÏìÏêº,8,1,0.73,8,1,62,8,1,22.7,8,1
2008/6/21 18:00:00,26.8,8,1,0,1,8,1,0,1,8,1,1.7,8,ìÏ,8,1,0.37,8,1,64,8,1,22.5,8,1
2008/6/21 19:00:00,26.0,8,1,0,1,8,1,0,1,8,1,2.0,8,ìÏ,8,1,0.10,8,1,70,8,1,23.5,8,1
2008/6/21 20:00:00,25.6,8,1,0,1,8,1,0,1,8,1,1.2,8,ìÏìÏìå,8,1,0.00,8,1,70,8,1,22.9,8,1
2008/6/21 21:00:00,24.9,8,1,0.0,0,8,1,,,0,1,2.0,8,ìÏìå,8,1,,0,1,74,8,1,23.4,8,1
2008/6/21 22:00:00,23.1,8,1,3.5,0,8,1,,,0,1,1.7,8,ìÏìå,8,1,,0,1,87,8,1,24.6,8,1
2008/6/21 23:00:00,22.3,8,1,4.5,0,8,1,,,0,1,2.2,8,ìåìÏìå,8,1,,0,1,89,8,1,24.0,8,1
2008/6/22 00:00:00,22.1,8,1,2.0,0,8,1,,,0,1,2.4,8,ìÏìå,8,1,,0,1,90,8,1,24.0,8,1
2008/6/22 1:00:00,22.1,8,1,1.0,0,8,1,,,0,1,1.6,8,ìÏìå,8,1,,0,1,90,8,1,24.0,8,1
2008/6/22 2:00:00,22.1,8,1,1.0,0,8,1,,,0,1,1.0,8,ìåìÏìå,8,1,,0,1,90,8,1,24.0,8,1
2008/6/22 3:00:00,21.7,8,1,0.0,0,8,1,,,0,1,2.1,8,ìÏìå,8,1,,0,1,90,8,1,23.4,8,1
2008/6/22 4:00:00,21.7,8,1,0.5,0,8,1,,,0,1,1.0,8,ìÏìå,8,1,0.00,8,1,90,8,1,23.4,8,1
2008/6/22 5:00:00,21.7,8,1,0.5,0,8,1,0,1,8,1,0.6,8,ìÏêº,8,1,0.00,8,1,90,8,1,23.4,8,1
2008/6/22 6:00:00,21.9,8,1,0.0,0,8,1,0,1,8,1,0.0,8,ê√â∏,8,1,0.10,8,1,89,8,1,23.4,8,1
2008/6/22 7:00:00,22.2,8,1,0.0,0,8,1,0,1,8,1,1.2,8,ìÏìÏêº,8,1,0.21,8,1,87,8,1,23.2,8,1
2008/6/22 8:00:00,23.1,8,1,0,1,8,1,0,1,8,1,1.9,8,ìÏ,8,1,0.47,8,1,84,8,1,23.7,8,1
2008/6/22 9:00:00,23.2,8,1,0.0,0,8,1,0,1,8,1,1.7,8,ìÏ,8,1,0.74,8,1,82,8,1,23.4,8,1
2008/6/22 10:00:00,23.9,8,1,0.0,0,8,1,0,1,8,1,1.9,8,ìÏ,8,1,0.96,8,1,79,8,1,23.4,8,1
2008/6/22 11:00:00,23.7,8,1,0,1,8,1,0,1,8,1,1.9,8,ìÏìÏêº,8,1,0.86,8,1,79,8,1,23.1,8,1
2008/6/22 12:00:00,23.5,8,1,0.5,0,8,1,0,1,8,1,1.6,8,ìÏ,8,1,0.61,8,1,83,8,1,24.0,8,1
2008/6/22 13:00:00,22.6,8,1,2.0,0,8,1,0,1,8,1,1.6,8,ìÏ,8,1,0.30,8,1,88,8,1,24.1,8,1
2008/6/22 14:00:00,22.5,8,1,1.0,0,8,1,0,1,8,1,2.9,8,ìÏ,8,1,0.19,8,1,88,8,1,24.0,8,1
2008/6/22 15:00:00,22.2,8,1,0.0,0,8,1,0,1,8,1,3.0,8,ìÏìÏìå,8,1,0.26,8,1,87,8,1,23.2,8,1
2008/6/22 16:00:00,22.0,8,1,1.0,0,8,1,0,1,8,1,2.8,8,ìÏìÏìå,8,1,0.23,8,1,88,8,1,23.2,8,1
2008/6/22 17:00:00,21.8,8,1,1.0,0,8,1,0,1,8,1,2.7,8,ìÏ,8,1,0.16,8,1,88,8,1,22.9,8,1
2008/6/22 18:00:00,21.3,8,1,1.5,0,8,1,0,1,8,1,3.0,8,ìÏ,8,1,0.06,8,1,90,8,1,22.8,8,1
2008/6/22 19:00:00,20.9,8,1,3.0,0,8,1,0,1,8,1,3.1,8,ìÏìÏìå,8,1,0.02,8,1,89,8,1,22.0,8,1
2008/6/22 20:00:00,20.6,8,1,2.0,0,8,1,0,1,8,1,3.1,8,ìÏ,8,1,0.00,8,1,90,8,1,21.8,8,1
2008/6/22 21:00:00,20.4,8,1,3.0,0,8,1,,,0,1,1.6,8,ìÏìÏêº,8,1,,0,1,90,8,1,21.6,8,1
2008/6/22 22:00:00,20.2,8,1,4.0,0,8,1,,,0,1,2.5,8,êºìÏêº,8,1,,0,1,90,8,1,21.3,8,1
2008/6/22 23:00:00,19.8,8,1,2.5,0,8,1,,,0,1,1.9,8,ìÏìÏìå,8,1,,0,1,90,8,1,20.8,8,1
2008/6/23 00:00:00,19.6,8,1,0.5,0,8,1,,,0,1,1.7,8,êºìÏêº,8,1,,0,1,90,8,1,20.5,8,1
2008/6/23 1:00:00,19.8,8,1,0.0,0,8,1,,,0,1,0.6,8,ìÏêº,8,1,,0,1,90,8,1,20.8,8,1
2008/6/23 2:00:00,19.9,8,1,0,1,8,1,,,0,1,0.6,8,ìÏêº,8,1,,0,1,90,8,1,20.9,8,1
2008/6/23 3:00:00,19.8,8,1,0,1,8,1,,,0,1,1.1,8,ñkìå,8,1,,0,1,89,8,1,20.5,8,1
2008/6/23 4:00:00,19.7,8,1,0.0,0,8,1,,,0,1,1.0,8,ñkñkêº,8,1,0.00,8,1,90,8,1,20.6,8,1
2008/6/23 5:00:00,20.0,8,1,0,1,8,1,0,1,8,1,0.9,8,ìå,8,1,0.00,8,1,89,8,1,20.8,8,1
2008/6/23 6:00:00,20.0,8,1,0.5,0,8,1,0,1,8,1,1.6,8,ìÏìÏìå,8,1,0.05,8,1,89,8,1,20.8,8,1
2008/6/23 7:00:00,19.5,8,1,0.5,0,8,1,0,1,8,1,2.2,8,ìåìÏìå,8,1,0.16,8,1,89,8,1,20.1,8,1
2008/6/23 8:00:00,20.0,8,1,2.0,0,8,1,0,1,8,1,1.7,8,ìÏìå,8,1,0.33,8,1,90,8,1,21.0,8,1
2008/6/23 9:00:00,20.9,8,1,0.0,0,8,1,0,1,8,1,1.2,8,ìÏìÏìå,8,1,0.68,8,1,87,8,1,21.6,8,1
2008/6/23 10:00:00,21.4,8,1,0.0,0,8,1,0,1,8,1,3.2,8,ìÏìå,8,1,0.50,8,1,83,8,1,21.2,8,1
2008/6/23 11:00:00,23.1,8,1,0.0,0,8,1,0,1,8,1,1.9,8,ìÏìÏìå,8,1,0.83,8,1,75,8,1,21.2,8,1
2008/6/23 12:00:00,22.0,8,1,0.5,0,8,1,0,1,8,1,2.7,8,ìÏìÏìå,8,1,0.45,8,1,74,8,1,19.6,8,1
2008/6/23 13:00:00,20.8,8,1,2.0,0,8,1,0,1,8,1,1.2,8,ñkñkêº,8,1,0.34,8,1,83,8,1,20.4,8,1
2008/6/23 14:00:00,20.9,8,1,2.5,0,8,1,0,1,8,1,2.5,8,êº,8,1,0.45,8,1,86,8,1,21.3,8,1
2008/6/23 15:00:00,21.6,8,1,1.0,0,8,1,0,1,8,1,2.5,8,êº,8,1,1.00,8,1,81,8,1,20.9,8,1
2008/6/23 16:00:00,22.6,8,1,0,1,8,1,0,1,8,1,1.1,8,ñkêº,8,1,0.93,8,1,74,8,1,20.2,8,1
2008/6/23 17:00:00,22.6,8,1,0,1,8,1,0,1,8,1,0.5,8,ñkìå,8,1,0.61,8,1,73,8,1,20.0,8,1
2008/6/23 18:00:00,22.3,8,1,0.0,0,8,1,0,1,8,1,0.9,8,ñkìå,8,1,0.17,8,1,77,8,1,20.8,8,1
2008/6/23 19:00:00,22.0,8,1,0,1,8,1,0,1,8,1,1.5,8,ìå,8,1,0.02,8,1,77,8,1,20.4,8,1
2008/6/23 20:00:00,21.5,8,1,0,1,8,1,0,1,8,1,0.7,8,ìåìÏìå,8,1,0.00,8,1,81,8,1,20.8,8,1
2008/6/23 21:00:00,21.3,8,1,0.0,0,8,1,,,0,1,0.3,8,ñk,8,1,,0,1,84,8,1,21.3,8,1
2008/6/23 22:00:00,20.5,8,1,0.0,0,8,1,,,0,1,0.4,8,êºñkêº,8,1,,0,1,88,8,1,21.2,8,1
2008/6/23 23:00:00,20.6,8,1,0,1,8,1,,,0,1,1.2,8,ìÏìå,8,1,,0,1,81,8,1,19.6,8,1
2008/6/24 00:00:00,20.4,8,1,0.0,0,8,1,,,0,1,0.5,8,ìåìÏìå,8,1,,0,1,84,8,1,20.1,8,1
2008/6/24 1:00:00,20.1,8,1,0,1,8,1,,,0,1,0.9,8,ìÏìÏêº,8,1,,0,1,82,8,1,19.2,8,1
2008/6/24 2:00:00,19.5,8,1,0,1,8,1,,,0,1,0.8,8,ìÏêº,8,1,,0,1,84,8,1,19.0,8,1
2008/6/24 3:00:00,19.3,8,1,0,1,8,1,,,0,1,0.7,8,ñkêº,8,1,,0,1,85,8,1,19.0,8,1
2008/6/24 4:00:00,18.8,8,1,0,1,8,1,,,0,1,1.6,8,ñk,8,1,0.00,8,1,88,8,1,19.1,8,1
2008/6/24 5:00:00,18.0,8,1,0,1,8,1,0.2,0,8,1,1.2,8,ñkêº,8,1,0.02,8,1,87,8,1,17.9,8,1
2008/6/24 6:00:00,19.0,8,1,0,1,8,1,1.0,0,8,1,1.6,8,ñkñkêº,8,1,0.43,8,1,81,8,1,17.8,8,1
2008/6/24 7:00:00,21.6,8,1,0,1,8,1,1.0,0,8,1,2.3,8,ñkêº,8,1,1.14,8,1,74,8,1,19.1,8,1
2008/6/24 8:00:00,21.7,8,1,0,1,8,1,0.6,0,8,1,2.9,8,ñkêº,8,1,1.34,8,1,72,8,1,18.6,8,1
2008/6/24 9:00:00,24.4,8,1,0,1,8,1,0.9,0,8,1,3.2,8,ñkêº,8,1,2.34,8,1,64,8,1,19.6,8,1
2008/6/24 10:00:00,27.1,8,1,0,1,8,1,1.0,0,8,1,2.9,8,êºñkêº,8,1,2.99,8,1,54,8,1,19.4,8,1
2008/6/24 11:00:00,28.6,8,1,0,1,8,1,1.0,0,8,1,3.4,8,êºñkêº,8,1,3.30,8,1,50,8,1,19.6,8,1
2008/6/24 12:00:00,28.3,8,1,0,1,8,1,0.6,0,8,1,3.2,8,ñkêº,8,1,2.22,8,1,47,8,1,18.1,8,1
2008/6/24 13:00:00,29.2,8,1,0,1,8,1,0.6,0,8,1,2.5,8,ñk,8,1,2.36,8,1,43,8,1,17.4,8,1
2008/6/24 14:00:00,30.1,8,1,0,1,8,1,1.0,0,8,1,3.6,8,ñkñkìå,8,1,3.03,8,1,42,8,1,17.9,8,1
2008/6/24 15:00:00,29.6,8,1,0,1,8,1,1.0,0,8,1,3.7,8,ñkñkêº,8,1,2.67,8,1,42,8,1,17.4,8,1
2008/6/24 16:00:00,30.0,8,1,0,1,8,1,1.0,0,8,1,3.5,8,ñkñkêº,8,1,2.20,8,1,41,8,1,17.4,8,1
2008/6/24 17:00:00,28.8,8,1,0,1,8,1,1.0,0,8,1,3.1,8,ñk,8,1,1.51,8,1,44,8,1,17.4,8,1
2008/6/24 18:00:00,27.5,8,1,0,1,8,1,1.0,0,8,1,3.8,8,ñkñkêº,8,1,0.80,8,1,45,8,1,16.5,8,1
2008/6/24 19:00:00,26.2,8,1,0,1,8,1,0.5,0,8,1,3.0,8,ñk,8,1,0.17,8,1,49,8,1,16.7,8,1
2008/6/24 20:00:00,25.0,8,1,0,1,8,1,0,1,8,1,3.3,8,ñkñkêº,8,1,0.00,8,1,51,8,1,16.2,8,1
2008/6/24 21:00:00,23.8,8,1,0,1,8,1,,,0,1,3.2,8,ñkñkêº,8,1,,0,1,54,8,1,15.9,8,1
2008/6/24 22:00:00,23.5,8,1,0,1,8,1,,,0,1,2.5,8,ñkñkêº,8,1,,0,1,55,8,1,15.9,8,1
2008/6/24 23:00:00,23.0,8,1,0,1,8,1,,,0,1,3.8,8,ñkêº,8,1,,0,1,56,8,1,15.8,8,1
2008/6/25 00:00:00,22.1,8,1,0,1,8,1,,,0,1,1.5,8,ñk,8,1,,0,1,61,8,1,16.2,8,1
2008/6/25 1:00:00,21.9,8,1,0,1,8,1,0,1,8,1,1.5,8,ñkñkêº,8,1,0,8,1,60,8,1,15.8,8,1
2008/6/25 2:00:00,21.9,8,1,0,1,8,1,0,1,8,1,1.1,8,ìåñkìå,8,1,0,8,1,68,8,1,17.9,8,1
2008/6/25 3:00:00,20.6,8,1,0,1,8,1,0,1,8,1,1.6,8,ñkêº,8,1,0,8,1,70,8,1,17.0,8,1
2008/6/25 4:00:00,19.7,8,1,0,1,8,1,0,1,8,1,2.1,8,ñkñkêº,8,1,0.00,8,1,72,8,1,16.5,8,1
2008/6/25 5:00:00,19.2,8,1,0.0,0,8,1,0.0,0,8,1,2.3,8,ñkñkêº,8,1,0.00,8,1,72,8,1,16.0,8,1
2008/6/25 6:00:00,19.2,8,1,0.0,0,8,1,0.0,0,8,1,2.1,8,ñkñkêº,8,1,0.03,8,1,73,8,1,16.2,8,1
2008/6/25 7:00:00,20.5,8,1,0,1,8,1,0.0,0,8,1,1.3,8,ñk,8,1,0.20,8,1,67,8,1,16.2,8,1
2008/6/25 8:00:00,20.7,8,1,0,1,8,1,0.0,0,8,1,1.6,8,ìåìÏìå,8,1,0.40,8,1,78,8,1,19.0,8,1
2008/6/25 9:00:00,20.0,8,1,0.0,0,8,1,0.0,0,8,1,2.7,8,ìåìÏìå,8,1,0.52,8,1,85,8,1,19.9,8,1
2008/6/25 10:00:00,20.6,8,1,0.0,0,8,1,0.0,0,8,1,2.8,8,ìåìÏìå,8,1,0.50,8,1,80,8,1,19.4,8,1
2008/6/25 11:00:00,21.4,8,1,0,1,8,1,0.0,0,8,1,4.4,8,ìåìÏìå,8,1,0.91,8,1,75,8,1,19.1,8,1
2008/6/25 12:00:00,22.2,8,1,0,1,8,1,0.0,0,8,1,4.2,8,ìåìÏìå,8,1,1.44,8,1,68,8,1,18.2,8,1
2008/6/25 13:00:00,22.3,8,1,0,1,8,1,0.0,0,8,1,3.0,8,ìÏìå,8,1,2.00,8,1,68,8,1,18.3,8,1
2008/6/25 14:00:00,22.5,8,1,0,1,8,1,0.0,0,8,1,2.6,8,ìÏìå,8,1,0.91,8,1,69,8,1,18.8,8,1
2008/6/25 15:00:00,23.0,8,1,0,1,8,1,0.0,0,8,1,2.3,8,ìåìÏìå,8,1,0.61,8,1,68,8,1,19.1,8,1
2008/6/25 16:00:00,22.9,8,1,0,1,8,1,0.0,0,8,1,3.2,8,ìåìÏìå,8,1,0.52,8,1,69,8,1,19.3,8,1
2008/6/25 17:00:00,22.7,8,1,0,1,8,1,0.0,0,8,1,2.1,8,ìå,8,1,0.25,8,1,68,8,1,18.8,8,1
2008/6/25 18:00:00,22.6,8,1,0,1,8,1,0.0,0,8,1,2.0,8,ìå,8,1,0.13,8,1,70,8,1,19.2,8,1
2008/6/25 19:00:00,22.3,8,1,0,1,8,1,0.0,0,8,1,2.1,8,ìåìÏìå,8,1,0.01,8,1,70,8,1,18.9,8,1
2008/6/25 20:00:00,21.1,8,1,0,1,8,1,0.0,0,8,1,4.3,8,ìÏìå,8,1,0.00,8,1,73,8,1,18.3,8,1
2008/6/25 21:00:00,20.0,8,1,0,1,8,1,0,1,8,1,3.7,8,ìåìÏìå,8,1,0,8,1,76,8,1,17.8,8,1
2008/6/25 22:00:00,19.4,8,1,0,1,8,1,0,1,8,1,2.8,8,ìÏìå,8,1,0,8,1,77,8,1,17.3,8,1
2008/6/25 23:00:00,18.3,8,1,0.0,0,8,1,0,1,8,1,3.1,8,ìåìÏìå,8,1,0,8,1,83,8,1,17.5,8,1
2008/6/26 00:00:00,17.2,8,1,0.0,0,8,1,0,1,8,1,2.4,8,ìÏìå,8,1,0,8,1,89,8,1,17.5,8,1
2008/6/26 1:00:00,16.8,8,1,0.5,0,8,1,0,1,8,1,2.3,8,ìåìÏìå,8,1,0,8,1,90,8,1,17.2,8,1
2008/6/26 2:00:00,16.6,8,1,1.0,0,8,1,0,1,8,1,2.3,8,ìÏìå,8,1,0,8,1,90,8,1,17.0,8,1
2008/6/26 3:00:00,16.5,8,1,0.5,0,8,1,0,1,8,1,1.3,8,ìÏìå,8,1,0,8,1,90,8,1,16.9,8,1
2008/6/26 4:00:00,16.4,8,1,0.5,0,8,1,0,1,8,1,1.7,8,ìÏìÏìå,8,1,0.00,8,1,90,8,1,16.8,8,1
2008/6/26 5:00:00,16.3,8,1,0.5,0,8,1,0.0,0,8,1,0.9,8,ìÏ,8,1,0.00,8,1,90,8,1,16.7,8,1
2008/6/26 6:00:00,16.4,8,1,0.5,0,8,1,0.0,0,8,1,1.2,8,ìÏ,8,1,0.01,8,1,90,8,1,16.8,8,1
2008/6/26 7:00:00,16.2,8,1,0.5,0,8,1,0.0,0,8,1,1.9,8,ìÏìÏêº,8,1,0.03,8,1,91,8,1,16.8,8,1
2008/6/26 8:00:00,16.4,8,1,0.5,0,8,1,0.0,0,8,1,2.3,8,ìÏ,8,1,0.13,8,1,90,8,1,16.8,8,1
2008/6/26 9:00:00,16.4,8,1,1.0,0,8,1,0.0,0,8,1,2.6,8,ìÏìÏìå,8,1,0.21,8,1,89,8,1,16.6,8,1
2008/6/26 10:00:00,16.7,8,1,0.0,0,8,1,0.0,0,8,1,1.6,8,ìåìÏìå,8,1,0.18,8,1,89,8,1,16.9,8,1
2008/6/26 11:00:00,16.5,8,1,0.0,0,8,1,0.0,0,8,1,2.0,8,ìÏìå,8,1,0.19,8,1,87,8,1,16.3,8,1
2008/6/26 12:00:00,16.9,8,1,0.5,0,8,1,0.0,0,8,1,1.7,8,ìÏìå,8,1,0.43,8,1,88,8,1,16.9,8,1
2008/6/26 13:00:00,16.9,8,1,0.5,0,8,1,0.0,0,8,1,1.0,8,ìÏìå,8,1,0.36,8,1,85,8,1,16.4,8,1
2008/6/26 14:00:00,17.5,8,1,0,1,8,1,0.0,0,8,1,2.0,8,ìÏ,8,1,0.52,5,1,83,8,1,16.6,8,1
2008/6/26 15:00:00,17.7,8,1,0,1,8,1,0.0,0,8,1,2.5,8,ìÏìå,8,1,0.46,8,1,82,8,1,16.6,8,1
2008/6/26 16:00:00,18.0,8,1,0,1,8,1,0.0,0,8,1,2.1,8,ìÏìå,8,1,0.36,8,1,79,8,1,16.3,8,1
2008/6/26 17:00:00,17.9,8,1,0,1,8,1,0.0,0,8,1,2.2,8,ìÏìå,8,1,0.19,8,1,78,8,1,16.0,8,1
2008/6/26 18:00:00,18.0,8,1,0,1,8,1,0.0,0,8,1,1.6,8,ìÏìå,8,1,0.14,8,1,78,8,1,16.1,8,1
2008/6/26 19:00:00,17.8,8,1,0,1,8,1,0.0,0,8,1,1.8,8,ìÏìÏìå,8,1,0.05,8,1,76,8,1,15.5,8,1
2008/6/26 20:00:00,17.7,8,1,0,1,8,1,0.0,0,8,1,1.3,8,ìåìÏìå,8,1,0.00,8,1,77,8,1,15.6,8,1
2008/6/26 21:00:00,17.6,8,1,0,1,8,1,0,1,8,1,0.6,8,ìÏìÏìå,8,1,0,8,1,78,8,1,15.7,8,1
2008/6/26 22:00:00,17.2,8,1,0.0,0,8,1,0,1,8,1,0.4,8,ìÏìå,8,1,0,8,1,82,8,1,16.1,8,1
2008/6/26 23:00:00,17.1,8,1,0.0,0,8,1,0,1,8,1,0.8,8,ìÏìå,8,1,0,8,1,82,8,1,16.0,8,1
2008/6/27 00:00:00,17.1,8,1,0.0,0,8,1,0,1,8,1,0.8,8,ìÏ,8,1,0,8,1,85,8,1,16.6,8,1
2008/6/27 1:00:00,17.1,8,1,0,1,8,1,0,1,8,1,1.3,8,ìåìÏìå,8,1,0,8,1,84,8,1,16.4,8,1
2008/6/27 2:00:00,16.4,8,1,0,1,8,1,0,1,8,1,1.2,8,ìåìÏìå,8,1,0,8,1,86,8,1,16.0,8,1
2008/6/27 3:00:00,16.4,8,1,0,1,8,1,0,1,8,1,1.3,8,ìÏìå,8,1,0,8,1,87,8,1,16.2,8,1
2008/6/27 4:00:00,16.3,8,1,0,1,8,1,0,1,8,1,1.0,8,ìå,8,1,0.00,8,1,87,8,1,16.1,8,1
2008/6/27 5:00:00,16.4,8,1,0,1,8,1,0.0,0,8,1,1.3,8,ìÏ,8,1,0.00,8,1,87,8,1,16.2,8,1
2008/6/27 6:00:00,16.9,8,1,0,1,8,1,0.0,0,8,1,0.5,8,ñkìå,8,1,0.09,8,1,86,8,1,16.6,8,1
2008/6/27 7:00:00,17.6,8,1,0,1,8,1,0.0,0,8,1,0.3,8,ìå,8,1,0.41,8,1,85,8,1,17.1,8,1
2008/6/27 8:00:00,19.0,8,1,0,1,8,1,0.1,0,8,1,1.5,8,ìÏìå,8,1,1.07,8,1,78,8,1,17.1,8,1
2008/6/27 9:00:00,20.2,8,1,0,1,8,1,0.3,0,8,1,1.8,8,ìåìÏìå,8,1,1.56,8,1,75,8,1,17.8,8,1
2008/6/27 10:00:00,21.4,8,1,0,1,8,1,0.9,0,8,1,2.7,8,ìåìÏìå,8,1,2.71,8,1,72,8,1,18.4,8,1
2008/6/27 11:00:00,22.6,8,1,0,1,8,1,0.6,0,8,1,2.9,8,ìÏìÏìå,8,1,2.57,8,1,66,8,1,18.1,8,1
2008/6/27 12:00:00,24.7,8,1,0,1,8,1,1.0,0,8,1,3.2,8,ìåìÏìå,8,1,3.26,8,1,61,8,1,19.0,8,1
2008/6/27 13:00:00,24.2,8,1,0,1,8,1,0.5,0,8,1,3.1,8,ìÏìå,8,1,2.38,8,1,62,8,1,18.7,8,1
2008/6/27 14:00:00,25.6,8,1,0,1,8,1,0.2,0,8,1,4.0,8,ìÏìå,8,1,1.86,8,1,59,8,1,19.4,8,1
2008/6/27 15:00:00,25.2,8,1,0,1,8,1,0.2,0,8,1,3.9,8,ìåìÏìå,8,1,1.32,8,1,60,8,1,19.2,8,1
2008/6/27 16:00:00,25.2,8,1,0,1,8,1,0.0,0,8,1,4.0,8,ìåìÏìå,8,1,0.76,8,1,58,8,1,18.6,8,1
2008/6/27 17:00:00,24.8,8,1,0,1,8,1,0.0,0,8,1,3.9,8,ìåìÏìå,8,1,0.43,8,1,60,8,1,18.8,8,1
2008/6/27 18:00:00,24.0,8,1,0,1,8,1,0.0,0,8,1,3.2,8,ìåìÏìå,8,1,0.18,8,1,65,8,1,19.4,8,1
2008/6/27 19:00:00,23.6,8,1,0,1,8,1,0.0,0,8,1,2.2,8,ìå,8,1,0.04,8,1,66,8,1,19.2,8,1
2008/6/27 20:00:00,23.2,8,1,0,1,8,1,0.0,0,8,1,2.1,8,ìåìÏìå,8,1,0.00,8,1,67,8,1,19.1,8,1
2008/6/27 21:00:00,23.0,8,1,0.0,0,8,1,0,1,8,1,1.3,8,ìå,8,1,0,8,1,68,8,1,19.1,8,1
2008/6/27 22:00:00,22.7,8,1,0.0,0,8,1,0,1,8,1,2.2,8,ìåìÏìå,8,1,0,8,1,70,8,1,19.3,8,1
2008/6/27 23:00:00,22.3,8,1,0,1,8,1,0,1,8,1,2.1,8,ìÏìå,8,1,0,8,1,71,8,1,19.1,8,1
2008/6/28 00:00:00,22.0,8,1,0.0,0,8,1,0,1,8,1,1.8,8,ìÏìå,8,1,0,8,1,72,8,1,19.0,8,1
2008/6/28 1:00:00,21.8,8,1,0,1,8,1,0,1,8,1,0.6,8,ìåìÏìå,8,1,0,8,1,73,8,1,19.1,8,1
2008/6/28 2:00:00,21.6,8,1,0,1,8,1,0,1,8,1,1.0,8,ìÏìÏìå,8,1,0,8,1,74,8,1,19.1,8,1
2008/6/28 3:00:00,21.3,8,1,0,1,8,1,0,1,8,1,1.2,8,ìåìÏìå,8,1,0,8,1,75,8,1,19.0,8,1
2008/6/28 4:00:00,20.6,8,1,0,1,8,1,0,1,8,1,1.5,8,ìåìÏìå,8,1,0.00,8,1,79,8,1,19.2,8,1
2008/6/28 5:00:00,20.5,8,1,0,1,8,1,0.0,0,8,1,1.0,8,ìÏìÏìå,8,1,0.01,8,1,78,8,1,18.8,8,1
2008/6/28 6:00:00,20.8,8,1,0,1,8,1,0.0,0,8,1,1.3,8,ìÏìÏìå,8,1,0.24,8,1,77,8,1,18.9,8,1
2008/6/28 7:00:00,21.3,8,1,0,1,8,1,0.0,0,8,1,1.8,8,ìÏ,8,1,0.48,8,1,76,8,1,19.3,8,1
2008/6/28 8:00:00,21.7,8,1,0,1,8,1,0.2,0,8,1,2.0,8,ìÏìÏìå,8,1,1.12,8,1,76,8,1,19.7,8,1
2008/6/28 9:00:00,22.5,8,1,0,1,8,1,0.0,0,8,1,1.9,8,ìåìÏìå,8,1,1.28,8,1,73,8,1,19.9,8,1
2008/6/28 10:00:00,23.5,8,1,0,1,8,1,0.0,0,8,1,2.8,8,ìåìÏìå,8,1,1.39,8,1,70,8,1,20.3,8,1
2008/6/28 11:00:00,23.6,8,1,0,1,8,1,0.0,0,8,1,3.3,8,ìÏìå,8,1,1.31,8,1,69,8,1,20.1,8,1
2008/6/28 12:00:00,25.1,8,1,0,1,8,1,0.0,0,8,1,3.2,8,ìÏìå,8,1,2.14,8,1,64,8,1,20.4,8,1
2008/6/28 13:00:00,26.2,8,1,0,1,8,1,0.2,0,8,1,3.0,8,ìåìÏìå,8,1,2.46,8,1,58,8,1,19.7,8,1
2008/6/28 14:00:00,26.6,8,1,0,1,8,1,0.8,0,8,1,2.9,8,ìåìÏìå,8,1,2.61,8,1,55,8,1,19.2,8,1
2008/6/28 15:00:00,26.5,8,1,0,1,8,1,0.1,0,8,1,3.2,8,ìÏìå,8,1,1.31,8,1,56,8,1,19.4,8,1
2008/6/28 16:00:00,26.5,8,1,0,1,8,1,0.0,0,8,1,3.1,8,ìÏìå,8,1,0.59,8,1,57,8,1,19.7,8,1
2008/6/28 17:00:00,26.0,8,1,0,1,8,1,0.0,0,8,1,3.1,8,ìåìÏìå,8,1,0.54,8,1,59,8,1,19.8,8,1
2008/6/28 18:00:00,25.6,8,1,0,1,8,1,0.0,0,8,1,2.6,8,ìÏìå,8,1,0.16,8,1,62,8,1,20.4,8,1
2008/6/28 19:00:00,25.3,8,1,0,1,8,1,0.0,0,8,1,2.3,8,ìåìÏìå,8,1,0.04,8,1,62,8,1,20.0,8,1
2008/6/28 20:00:00,24.2,8,1,0,1,8,1,0.0,0,8,1,3.1,8,ìÏìå,8,1,0.00,8,1,64,8,1,19.3,8,1
2008/6/28 21:00:00,23.4,8,1,0,1,8,1,0,1,8,1,2.8,8,ìåìÏìå,8,1,0,8,1,66,8,1,19.0,8,1
2008/6/28 22:00:00,22.2,8,1,0.0,0,8,1,0,1,8,1,2.6,8,ìåìÏìå,8,1,0,8,1,73,8,1,19.5,8,1
2008/6/28 23:00:00,21.7,8,1,0.0,0,8,1,0,1,8,1,2.0,8,ìÏìå,8,1,0,8,1,75,8,1,19.5,8,1
2008/6/29 00:00:00,21.4,8,1,0.0,0,8,1,0,1,8,1,1.6,8,ìåìÏìå,8,1,0,8,1,77,8,1,19.6,8,1
2008/6/29 1:00:00,20.7,8,1,0.5,0,8,1,0,1,8,1,0.3,8,ìå,8,1,0,8,1,83,8,1,20.3,8,1
2008/6/29 2:00:00,20.3,8,1,1.0,0,8,1,0,1,8,1,1.2,8,ìå,8,1,0,8,1,85,8,1,20.2,8,1
2008/6/29 3:00:00,20.1,8,1,0.5,0,8,1,0,1,8,1,1.0,8,ìÏìå,8,1,0,8,1,86,8,1,20.2,8,1
2008/6/29 4:00:00,19.9,8,1,1.0,0,8,1,0,1,8,1,1.0,8,ìåìÏìå,8,1,0.00,8,1,88,8,1,20.5,8,1
2008/6/29 5:00:00,19.7,8,1,2.0,0,8,1,0.0,0,8,1,1.5,8,ìÏìå,8,1,0.00,8,1,89,8,1,20.4,8,1
2008/6/29 6:00:00,19.7,8,1,3.5,0,8,1,0.0,0,8,1,0.9,8,ìåìÏìå,8,1,0.02,8,1,89,8,1,20.4,8,1
2008/6/29 7:00:00,19.9,8,1,5.5,0,8,1,0.0,0,8,1,2.5,8,ìåìÏìå,8,1,0.05,8,1,89,8,1,20.7,8,1
2008/6/29 8:00:00,20.0,8,1,5.5,0,8,1,0.0,0,8,1,3.3,8,ìåìÏìå,8,1,0.13,8,1,89,8,1,20.8,8,1
2008/6/29 9:00:00,19.9,8,1,3.0,0,8,1,0.0,0,8,1,2.1,8,ìå,8,1,0.21,8,1,89,8,1,20.7,8,1
2008/6/29 10:00:00,19.9,8,1,5.0,0,8,1,0.0,0,8,1,3.1,8,ìåìÏìå,8,1,0.16,8,1,90,8,1,20.9,8,1
2008/6/29 11:00:00,19.9,8,1,4.5,0,8,1,0.0,0,8,1,3.2,8,ìÏìå,8,1,0.24,8,1,90,8,1,20.9,8,1
2008/6/29 12:00:00,19.8,8,1,1.0,0,8,1,0.0,0,8,1,3.8,8,ìåìÏìå,8,1,0.22,8,1,89,8,1,20.6,8,1
2008/6/29 13:00:00,19.7,8,1,2.0,0,8,1,0.0,0,8,1,3.6,8,ìåìÏìå,8,1,0.19,8,1,88,8,1,20.2,8,1
2008/6/29 14:00:00,19.8,8,1,0.5,0,8,1,0.0,0,8,1,2.0,8,ìåìÏìå,8,1,0.29,8,1,88,8,1,20.3,8,1
2008/6/29 15:00:00,20.2,8,1,0.0,0,8,1,0.0,0,8,1,2.7,8,ìåìÏìå,8,1,0.24,8,1,87,8,1,20.6,8,1
2008/6/29 16:00:00,20.1,8,1,0.0,0,8,1,0.0,0,8,1,1.0,8,ìÏêº,8,1,0.18,8,1,87,8,1,20.5,8,1
2008/6/29 17:00:00,19.8,8,1,0.5,0,8,1,0.0,0,8,1,1.4,8,ìÏêº,8,1,0.15,8,1,89,8,1,20.6,8,1
2008/6/29 18:00:00,19.9,8,1,0,1,8,1,0.0,0,8,1,0.9,8,êº,8,1,0.04,8,1,89,8,1,20.7,8,1
2008/6/29 19:00:00,19.8,8,1,0.0,0,8,1,0.0,0,8,1,1.3,8,ñkêº,8,1,0.01,8,1,90,8,1,20.8,8,1
2008/6/29 20:00:00,19.8,8,1,0.0,0,8,1,0.0,0,8,1,1.3,8,ìÏêº,8,1,0.00,8,1,89,8,1,20.6,8,1
2008/6/29 21:00:00,19.8,8,1,0.5,0,8,1,0,1,8,1,0.1,8,ê√â∏,8,1,0,8,1,89,8,1,20.6,8,1
2008/6/29 22:00:00,19.6,8,1,1.0,0,8,1,0,1,8,1,1.0,8,ìÏìÏêº,8,1,0,8,1,90,8,1,20.5,8,1
2008/6/29 23:00:00,19.7,8,1,0.0,0,8,1,0,1,8,1,0.7,8,êºñkêº,8,1,0,8,1,90,8,1,20.7,8,1
2008/6/30 00:00:00,19.5,8,1,2.0,0,8,1,0,1,8,1,0.8,8,êºìÏêº,8,1,0,8,1,91,8,1,20.6,8,1
2008/6/30 1:00:00,19.5,8,1,1.0,0,8,1,0,1,8,1,0.6,8,êºñkêº,8,1,0,8,1,91,8,1,20.6,8,1
2008/6/30 2:00:00,19.5,8,1,0.5,0,8,1,0,1,8,1,1.3,8,ìåìÏìå,8,1,0,8,1,91,8,1,20.6,8,1
2008/6/30 3:00:00,19.6,8,1,0.0,0,8,1,0,1,8,1,1.1,8,ìÏìå,8,1,0,8,1,91,8,1,20.8,8,1
2008/6/30 4:00:00,19.5,8,1,0.0,0,8,1,0,1,8,1,1.1,8,ìÏìÏêº,8,1,0.00,8,1,91,8,1,20.6,8,1
2008/6/30 5:00:00,19.2,8,1,0,1,8,1,0.0,0,8,1,2.1,8,ìÏìÏêº,8,1,0.00,8,1,90,8,1,20.0,8,1
2008/6/30 6:00:00,18.7,8,1,0,1,8,1,0.0,0,8,1,2.2,8,ìÏìÏêº,8,1,0.02,8,1,88,8,1,19.0,8,1
2008/6/30 7:00:00,18.4,8,1,0.0,0,8,1,0.0,0,8,1,2.1,8,ìÏêº,8,1,0.06,8,1,88,8,1,18.6,8,1
2008/6/30 8:00:00,18.1,8,1,0.0,0,8,1,0.0,0,8,1,1.5,8,ìÏêº,8,1,0.17,8,1,88,8,1,18.3,8,1
2008/6/30 9:00:00,18.2,8,1,0.5,0,8,1,0.0,0,8,1,2.4,8,êº,8,1,0.26,8,1,89,8,1,18.6,8,1
2008/6/30 10:00:00,18.9,8,1,0.5,0,8,1,0.0,0,8,1,2.0,8,êºìÏêº,8,1,0.63,8,1,84,8,1,18.3,8,1
2008/6/30 11:00:00,21.2,8,1,0,1,8,1,0.0,0,8,1,1.1,8,êº,8,1,1.19,8,1,76,8,1,19.1,8,1
2008/6/30 12:00:00,22.3,8,1,0,1,8,1,0.0,0,8,1,1.0,8,ìÏêº,8,1,1.96,8,1,70,8,1,18.9,8,1
2008/6/30 13:00:00,23.9,8,1,0,1,8,1,0.7,0,8,1,2.0,8,ìÏ,8,1,2.97,8,1,62,8,1,18.4,8,1
2008/6/30 14:00:00,24.7,8,1,0,1,8,1,0.5,0,8,1,1.8,8,ìÏêº,8,1,2.72,8,1,59,8,1,18.4,8,1
2008/6/30 15:00:00,24.6,8,1,0,1,8,1,0.7,0,8,1,1.0,8,ìÏìÏêº,8,1,2.42,8,1,60,8,1,18.6,8,1
2008/6/30 16:00:00,25.9,8,1,0,1,8,1,0.6,0,8,1,2.0,8,ìÏ,8,1,1.75,8,1,58,8,1,19.4,8,1
2008/6/30 17:00:00,25.0,8,1,0,1,8,1,0.6,0,8,1,2.4,8,ìÏìå,8,1,1.15,8,1,60,8,1,19.0,8,1
2008/6/30 18:00:00,24.4,8,1,0,1,8,1,0.4,0,8,1,2.3,8,ìåìÏìå,8,1,0.52,8,1,63,8,1,19.3,8,1
2008/6/30 19:00:00,23.7,8,1,0,1,8,1,0.3,0,8,1,1.8,8,ìå,8,1,0.11,8,1,66,8,1,19.3,8,1
2008/6/30 20:00:00,22.9,8,1,0,1,8,1,0.0,0,8,1,1.5,8,ìå,8,1,0.00,8,1,71,8,1,19.8,8,1
2008/6/30 21:00:00,21.6,8,1,0,1,8,1,0,1,8,1,1.4,8,ñkñkêº,8,1,0,8,1,77,8,1,19.9,8,1
2008/6/30 22:00:00,21.0,8,1,0,1,8,1,0,1,8,1,1.7,8,ñkñkêº,8,1,0,8,1,78,8,1,19.4,8,1
2008/6/30 23:00:00,20.3,8,1,0,1,8,1,0,1,8,1,1.3,8,ñkñkêº,8,1,0,8,1,81,8,1,19.3,8,1
2008/7/1 00:00:00,19.8,8,1,0,1,8,1,0,1,8,1,0.8,8,ñkñkêº,8,1,0,8,1,81,8,1,18.7,8,1
2008/7/1 1:00:00,19.2,8,1,0,1,8,1,0,1,8,1,0.8,8,êºìÏêº,8,1,0,8,1,79,8,1,17.6,8,1
2008/7/1 2:00:00,18.6,8,1,0,1,8,1,0,1,8,1,1.8,8,ìÏìå,8,1,0,8,1,82,8,1,17.6,8,1
2008/7/1 3:00:00,17.9,8,1,0,1,8,1,0,1,8,1,1.8,8,ìÏìå,8,1,0,8,1,85,8,1,17.4,8,1
2008/7/1 4:00:00,17.8,8,1,0,1,8,1,0,1,8,1,1.8,8,ìåìÏìå,8,1,0.00,8,1,85,8,1,17.3,8,1
2008/7/1 5:00:00,17.8,8,1,0,1,8,1,0.0,0,8,1,2.0,8,ìåìÏìå,8,1,0.00,8,1,85,8,1,17.3,8,1
2008/7/1 6:00:00,18.0,8,1,0,1,8,1,0.0,0,8,1,1.4,8,ñkñkêº,8,1,0.15,8,1,82,8,1,16.9,8,1
2008/7/1 7:00:00,19.3,8,1,0,1,8,1,0.0,0,8,1,1.9,8,ñkêº,8,1,0.64,8,1,72,8,1,16.1,8,1
2008/7/1 8:00:00,20.5,8,1,0,1,8,1,0.4,0,8,1,1.7,8,êº,8,1,1.31,8,1,70,8,1,16.9,8,1
2008/7/1 9:00:00,22.7,8,1,0,1,8,1,1.0,0,8,1,1.8,8,ìåìÏìå,8,1,2.21,8,1,65,8,1,17.9,8,1
2008/7/1 10:00:00,23.8,8,1,0,1,8,1,1.0,0,8,1,2.6,8,ìÏìÏìå,8,1,2.79,8,1,62,8,1,18.3,8,1
2008/7/1 11:00:00,24.2,8,1,0,1,8,1,1.0,0,8,1,2.9,8,ìÏìÏìå,8,1,3.07,8,1,57,8,1,17.2,8,1
2008/7/1 12:00:00,25.4,8,1,0,1,8,1,1.0,0,8,1,4.2,8,ìÏìå,8,1,3.22,8,1,54,8,1,17.5,8,1
2008/7/1 13:00:00,26.4,8,1,0,1,8,1,1.0,0,8,1,3.9,8,ìåìÏìå,8,1,3.25,8,1,52,8,1,17.9,8,1
2008/7/1 14:00:00,26.6,8,1,0,1,8,1,1.0,0,8,1,3.8,8,ìåìÏìå,8,1,2.96,8,1,50,8,1,17.4,8,1
2008/7/1 15:00:00,26.8,8,1,0,1,8,1,1.0,0,8,1,4.1,8,ìåìÏìå,8,1,2.54,8,1,49,8,1,17.3,8,1
2008/7/1 16:00:00,26.5,8,1,0,1,8,1,1.0,0,8,1,4.3,8,ìåìÏìå,8,1,2.01,8,1,49,8,1,17.0,8,1
2008/7/1 17:00:00,26.6,8,1,0,1,8,1,1.0,0,8,1,3.3,8,ìåìÏìå,8,1,1.39,8,1,49,8,1,17.1,8,1
2008/7/1 18:00:00,25.6,8,1,0,1,8,1,0.6,0,8,1,3.4,8,ìÏìå,8,1,0.58,8,1,53,8,1,17.4,8,1
2008/7/1 19:00:00,24.7,8,1,0,1,8,1,0.0,0,8,1,3.4,8,ìåìÏìå,8,1,0.08,8,1,57,8,1,17.7,8,1
2008/7/1 20:00:00,23.9,8,1,0,1,8,1,0.0,0,8,1,3.8,8,ìåìÏìå,8,1,0.00,8,1,59,8,1,17.5,8,1
2008/7/1 21:00:00,23.2,8,1,0,1,8,1,0,1,8,1,3.8,8,ìåìÏìå,8,1,0,8,1,68,8,1,19.3,8,1
2008/7/1 22:00:00,22.2,8,1,0,1,8,1,0,1,8,1,3.7,8,ìåìÏìå,8,1,0,8,1,72,8,1,19.3,8,1
2008/7/1 23:00:00,21.1,8,1,0,1,8,1,0,1,8,1,3.7,8,ìåìÏìå,8,1,0,8,1,76,8,1,19.0,8,1
2008/7/2 00:00:00,21.0,8,1,0,1,8,1,0,1,8,1,1.6,8,ìÏìå,8,1,0,8,1,76,8,1,18.9,8,1
